portal_slug,research_date,camp_name,section,source_type,blurb,listing_url,source_name,alternate_source_url,alternate_source_domain,alternate_source_title,alt_confidence,alt_score,alt_reason,alt_checked_at,review_old_confidence,review_new_confidence,review_decision,review_new_url,review_new_domain,review_new_title,review_new_score,review_new_reason,review_checked_at,matrix_query,matrix_generated_at,candidate_1_title,candidate_1_url,candidate_1_domain,candidate_1_trust,candidate_2_title,candidate_2_url,candidate_2_domain,candidate_2_trust,candidate_3_title,candidate_3_url,candidate_3_domain,candidate_3_trust,matrix_recommended_title,matrix_recommended_url,matrix_recommended_domain,matrix_recommended_trust,matrix_recommendation_action,candidate_1_token_hits,candidate_2_token_hits,candidate_3_token_hits,matrix_v2_recommendation_action,matrix_v2_recommended_title,matrix_v2_recommended_url,matrix_v2_recommended_domain,matrix_v2_recommended_trust,matrix_v2_recommended_token_hits
atlanta-families,2026-02-20,Career Camp Atlanta,Featured Day Camps,day,"Career discovery should be engaging, inspiring, and hands-on. Career Camp ATL is designed to immerse students grades 6-12 in real-world experiences that go beyond what schools offer, providing practical insights, mentorship, and skill-building opportunities through career exploration workshops that will help shape their future. June 14-17",https://www.atlantaparent.com/directory/69108/career-camp-atlanta/,Atlanta Parent,,,Summer Academy Camps at University of Georgia,none,19,"summer+camp, metro-geo",2026-02-20T04:56:27.239151+00:00,none,none,unchanged,,,Summer Academy Camps at University of Georgia,19,"summer+camp, metro, official-ish-domain",2026-02-20T05:08:40.882386+00:00,"""Career Camp Atlanta"" ""summer camp"" atlanta",2026-02-20T05:10:07.527367+00:00,Home - Career Camp ATL,https://careercampatl.com/,careercampatl.com,unknown,Best Summer Camps in Atlanta: Our Expert Picks for 2026,https://atlantahits.com/best-summer-camps-in-atlanta,atlantahits.com,unknown,Summer Academy Camps at University of Georgia,https://www.georgiacenter.uga.edu/youth-programs/summer-academy-camps/,www.georgiacenter.uga.edu,likely_official,Summer Academy Camps at University of Georgia,https://www.georgiacenter.uga.edu/youth-programs/summer-academy-camps/,www.georgiacenter.uga.edu,likely_official,recommend_replace,1,0,0,manual_review_needed,,,,,0
atlanta-families,2026-02-20,Forefront Arts Theatre Camp,Featured Day Camps,day,"Calling all kids and teens who love the spotlight! One-week theatre camps including K Pop Campers, Wicked, Harry Potter, Tangled, Marvel, Hamilton, Zootopia, Puppetry, Descendants & Zombies, Newsies, High School Musical and Percy Jackson! Full-day camps for ages 5-16, plus Counselor-In-Training and Internship programs. 13 locations. June 1-July 31",https://www.atlantaparent.com/directory/16053/forefront-arts-performance-camp/,Atlanta Parent,,,Forefront Arts - Camp,none,17,"tokens:2, camp",2026-02-20T04:56:32.659449+00:00,none,none,unchanged,,,History Summer Camp | Atlanta History Center,15,"summer+camp, metro",2026-02-20T05:08:41.964926+00:00,"""Forefront Arts Theatre Camp"" ""summer camp"" atlanta",2026-02-20T05:10:08.761371+00:00,Forefront Arts - Camp,https://www.forefrontarts.com/camp,www.forefrontarts.com,unknown,Forefront Arts,https://www.forefrontarts.com/,www.forefrontarts.com,unknown,Mt. Bethel Summer Camp | School Break & Summer Camps,https://www.funclubs.com/camps/mt-bethel-summer-camp,www.funclubs.com,unknown,,,,,manual_review_needed,1,1,0,manual_review_needed,,,,,0
atlanta-families,2026-02-20,ITP Training Academy Racquet Camps,Featured Day Camps,day,"ITP camps deliver a fun, well-rounded racquet experience featuring tennis, pickleball and padel at one convenient facility. Racquet Camp (ages 8+) emphasizes skill development and match play; Day Camp (ages 5-7) combines racquet sports with creative activities, games and character building. June 1-July 31",https://www.atlantaparent.com/directory/68533/itp-atlanta-kids-summer-camp/,Atlanta Parent,,,Junior Summer Camps - Mouratoglou Tennis Center Atlanta,none,16,"summer+camp, metro-geo",2026-02-20T04:56:33.774751+00:00,none,none,unchanged,,,ITP Training Academy Kids Summer Camps - itpta.com,16,"tokens:1, summer+camp",2026-02-20T05:08:43.096969+00:00,"""ITP Training Academy Racquet Camps"" ""summer camp"" atlanta",2026-02-20T05:10:11.096781+00:00,ITP Training Academy,https://itpta.com/,itpta.com,unknown,Junior Summer Camps - Mouratoglou Tennis Center Atlanta,https://www.mouratoglou.com/en/international/atlanta/summer-camps-2026/,www.mouratoglou.com,unknown,2025 Atlanta Summer Camp Guide,https://atlantamom.com/in-around-atlanta/summer-camp-georgia-atlanta/,atlantamom.com,unknown,,,,,manual_review_needed,1,0,0,manual_review_needed,,,,,0
atlanta-families,2026-02-20,MODA Design Camps,Featured Day Camps,day,"Get ready for an unforgettable summer! Young creators ages 6-18 dive into hands-on experiences that ignite imagination, inspire innovation and build a better world. Whether they’re building with LEGO®, designing future cities, or reimagining Atlanta’s neighborhoods, kids and teens explore the power of design in fun and meaningful ways. June 1-July 24",https://www.atlantaparent.com/directory/60961/moda-museum-of-design-atlanta/,Atlanta Parent,https://www.museumofdesign.org/designcamp,www.museumofdesign.org,2026 Summer Design Camp in Atlanta — MODA,low,31,"tokens:2, summer+camp, metro-geo",2026-02-20T04:56:37.021908+00:00,low,low,unchanged,https://www.museumofdesign.org/designcamp,www.museumofdesign.org,2026 Summer Design Camp in Atlanta — MODA,31,"tokens:2, summer+camp, metro, official-ish-domain",2026-02-20T05:08:43.893451+00:00,"""MODA Design Camps"" ""summer camp"" atlanta",2026-02-20T05:10:12.035842+00:00,2026 Summer Design Camp in Atlanta — MODA,https://www.museumofdesign.org/designcamp,www.museumofdesign.org,likely_official,Summer Camp Week: MODA’s Design Camp 2025 - FOX 5 Atlanta,https://www.fox5atlanta.com/news/summer-camp-week-modas-design-camp-2025,www.fox5atlanta.com,unknown,"MODA Design Camp in Atlanta, GA | Creative LEGO, Robotics ...",https://www.campsearch.com/united-states/atlanta/summer-camps/design-camp,www.campsearch.com,low_trust_directory,2026 Summer Design Camp in Atlanta — MODA,https://www.museumofdesign.org/designcamp,www.museumofdesign.org,likely_official,recommend_replace,2,2,2,recommend_replace,2026 Summer Design Camp in Atlanta — MODA,https://www.museumofdesign.org/designcamp,www.museumofdesign.org,likely_official,2
atlanta-families,2026-02-20,The Walker School Summer Programs,Featured Day Camps,day,Walker Summer Programs are the best way to spend your summer! Offering an extensive and diverse selection of enrichment opportunities for students ages 3-14. Half-day and full-day options available weekly. Early drop-off and extended care are available. June 1-July 24,https://www.atlantaparent.com/directory/16323/walker-school-summer-programs/,Atlanta Parent,https://winnie.com/place/atlanta-falcons-summer-camps-the-walker-school-marietta,winnie.com,Atlanta Falcons Summer Camps - The Walker School - Winnie,low,22,"tokens:1, summer+camp, metro-geo",2026-02-20T04:56:43.870488+00:00,low,none,downgraded,,,SUMMER PROGRAMS - Community | The Walker School,20,"tokens:1, summer+camp, official-ish-domain",2026-02-20T05:08:44.851542+00:00,"""The Walker School Summer Programs"" ""summer camp"" atlanta",2026-02-20T05:10:13.102235+00:00,SUMMER PROGRAMS - Community | The Walker School,https://www.thewalkerschool.org/walker-summer-camp,www.thewalkerschool.org,likely_official,Register for Walker Summer Programs,https://thewalkerschool.myschoolapp.com/page/news-detail?pk=1475724&siteId=1062&ssl=1,thewalkerschool.myschoolapp.com,likely_official,Summer Program: Walker School,https://www.livinin.io/events/summer-program-walker-school,www.livinin.io,low_trust_directory,SUMMER PROGRAMS - Community | The Walker School,https://www.thewalkerschool.org/walker-summer-camp,www.thewalkerschool.org,likely_official,recommend_replace,1,1,1,recommend_replace,SUMMER PROGRAMS - Community | The Walker School,https://www.thewalkerschool.org/walker-summer-camp,www.thewalkerschool.org,likely_official,1
atlanta-families,2026-02-20,Zoo Atlanta Summer Safari Camp,Featured Day Camps,day,"Join Zoo Atlanta for an exploration of all things wild! Summer Safari Camp is the perfect experience for children ages 5-14. From Zoo explorations and scientific investigations, young explorers will be immersed in hands-on learning while having fun and meeting friends! Each week campers embark on a different Zoo expedition, exploring wildlife and wild places. May 26 – July 31",https://www.atlantaparent.com/directory/9163/safari-day-camp-zoo-atlanta/,Atlanta Parent,https://zooatlanta.org/program/summer-camp/,zooatlanta.org,Summer Safari Camp - Zoo Atlanta,low,25,"tokens:1, summer+camp, metro-geo",2026-02-20T04:56:47.232263+00:00,low,low,unchanged,https://zooatlanta.org/program/summer-camp/,zooatlanta.org,Summer Safari Camp - Zoo Atlanta,25,"tokens:1, summer+camp, metro, official-ish-domain",2026-02-20T05:08:45.988243+00:00,"""Zoo Atlanta Summer Safari Camp"" ""summer camp"" atlanta",2026-02-20T05:10:14.132243+00:00,Summer Safari Camp - Zoo Atlanta,https://zooatlanta.org/program/summer-camp/,zooatlanta.org,likely_official,Summer Safari Camp at the Zoo | Discover Atlanta,https://discoveratlanta.com/event/detail/summer-safari-camp-at-the-zoo/,discoveratlanta.com,trusted_aggregator,Safari Camp: Summer Session - At Zoo Atlanta (Ages 4-14),https://atlanta.kidsoutandabout.com/content/safari-camp-summer-session-zoo-atlanta-ages-4-14,atlanta.kidsoutandabout.com,trusted_aggregator,Summer Safari Camp - Zoo Atlanta,https://zooatlanta.org/program/summer-camp/,zooatlanta.org,likely_official,recommend_replace,1,1,1,recommend_replace,Summer Safari Camp - Zoo Atlanta,https://zooatlanta.org/program/summer-camp/,zooatlanta.org,likely_official,1
atlanta-families,2026-02-20,Adventure Camp at MHHE,Academic and Enrichment Summer Camps in Metro Atlanta,day,"Summer programs for rising 1st through 5th graders at KSU. Themes include Time Travelers, Around the World, Theatre and Mystery of History",https://www.atlantaparent.com/directory/68582/adventure-academy-mhhe/,Atlanta Parent,,,Summer Camp-Becker Bldg. – Atlanta Belvedere SDA Church,none,19,"summer+camp, metro-geo",2026-02-20T04:56:48.234009+00:00,none,none,unchanged,,,History Summer Camp | Atlanta History Center,15,"summer+camp, metro",2026-02-20T05:08:46.991276+00:00,"""Adventure Camp at MHHE"" ""summer camp"" atlanta",2026-02-20T05:10:14.976751+00:00,History Summer Camp | Atlanta History Center,https://www.atlantahistorycenter.com/history-summer-camp/,www.atlantahistorycenter.com,unknown,25-0048 Summer Camp Flyer v4 - ndacademy.org,https://ndacademy.org/wp-content/uploads/2026/02/25-0048-Summer-Camp-Flyer-v4.pdf,ndacademy.org,likely_official,Mt. Bethel Summer Camp | School Break & Summer Camps,https://www.funclubs.com/camps/mt-bethel-summer-camp,www.funclubs.com,unknown,25-0048 Summer Camp Flyer v4 - ndacademy.org,https://ndacademy.org/wp-content/uploads/2026/02/25-0048-Summer-Camp-Flyer-v4.pdf,ndacademy.org,likely_official,recommend_replace,0,0,0,manual_review_needed,,,,,0
atlanta-families,2026-02-20,Fusion Academy Camps,Academic and Enrichment Summer Camps in Metro Atlanta,day,"Middle school enrichment programs and high school virtual experiences offer options for students to catch up, get ahead, or try something new",https://www.atlantaparent.com/directory/69214/fusion-academy-camps/,Atlanta Parent,,,Junior Summer Camps - Mouratoglou Tennis Center Atlanta,none,16,"summer+camp, metro-geo",2026-02-20T04:56:51.691337+00:00,none,none,unchanged,,,Junior Summer Camps - Mouratoglou Tennis Center Atlanta,15,"summer+camp, metro",2026-02-20T05:08:47.984014+00:00,"""Fusion Academy Camps"" ""summer camp"" atlanta",2026-02-20T05:10:16.012427+00:00,Fusion Academy Summer Programs - TeenLife,https://www.teenlife.com/l/summer/fusion-academy-summer-programs/,www.teenlife.com,unknown,Junior Summer Camps - Mouratoglou Tennis Center Atlanta,https://www.mouratoglou.com/en/international/atlanta/summer-camps-2026/,www.mouratoglou.com,unknown,25-0048 Summer Camp Flyer v4 - ndacademy.org,https://ndacademy.org/wp-content/uploads/2026/02/25-0048-Summer-Camp-Flyer-v4.pdf,ndacademy.org,likely_official,25-0048 Summer Camp Flyer v4 - ndacademy.org,https://ndacademy.org/wp-content/uploads/2026/02/25-0048-Summer-Camp-Flyer-v4.pdf,ndacademy.org,likely_official,recommend_replace,1,0,0,manual_review_needed,,,,,0
atlanta-families,2026-02-20,The Howard School Summer Camps,Academic and Enrichment Summer Camps in Metro Atlanta,day,"Weeklong camps for K-12th grade will develop student’s math, reading, speaking, and motor skills while keeping it engaging and fun",https://www.atlantaparent.com/directory/69436/the-howard-school-summer-camps/,Atlanta Parent,,,"2026 Guide to Summer Camps in the Atlanta, GA area",none,16,"summer+camp, metro-geo",2026-02-20T04:56:52.815670+00:00,none,none,unchanged,,,"2026 Guide to Summer Camps in the Atlanta, GA area",15,"summer+camp, metro, trusted-aggregator",2026-02-20T05:08:48.850460+00:00,"""The Howard School Summer Camps"" ""summer camp"" atlanta",2026-02-20T05:10:18.010325+00:00,Summer Programs - The Howard School,https://www.howardschool.org/learning/summer,www.howardschool.org,likely_official,"2026 Guide to Summer Camps in the Atlanta, GA area",https://atlanta.kidsoutandabout.com/content/guide-summer-camps-atlanta-ga-area,atlanta.kidsoutandabout.com,trusted_aggregator,Best Summer Camps In Atlanta | Summer Camp Hub,https://summercamphub.com/atlanta-summer-camps/,summercamphub.com,trusted_aggregator,Summer Programs - The Howard School,https://www.howardschool.org/learning/summer,www.howardschool.org,likely_official,recommend_replace,1,0,0,recommend_replace,Summer Programs - The Howard School,https://www.howardschool.org/learning/summer,www.howardschool.org,likely_official,1
atlanta-families,2026-02-20,Squirrel Hollow Camp at the Bedford School,Academic and Enrichment Summer Camps in Metro Atlanta,day,Campers ages 6-14 enjoy an individualized academic program along with recreational activities that make learning feel exciting and achievable. June 8-July 3,https://www.atlantaparent.com/directory/16425/bedford-school-squirrel-hollow-camp/,Atlanta Parent,https://www.livinin.io/events/squirrel-hollow-summer-camp-the-bedford-school,www.livinin.io,Squirrel Hollow Summer Camp: The Bedford School,low,30,"tokens:3, summer+camp",2026-02-20T04:56:54.082548+00:00,low,low,replaced_same_conf,https://www.thebedfordschool.org/programs/squirrel-hollow.cfm,www.thebedfordschool.org,Squirrel Hollow - The Bedford School,24,"tokens:3, official-ish-domain",2026-02-20T05:08:49.810955+00:00,"""Squirrel Hollow Camp at the Bedford School"" ""summer camp"" atlanta",2026-02-20T05:10:19.278584+00:00,Squirrel Hollow - The Bedford School,https://www.thebedfordschool.org/programs/squirrel-hollow.cfm,www.thebedfordschool.org,likely_official,The Bedford School | Maximize the Potential of Students with ...,https://www.thebedfordschool.org/,www.thebedfordschool.org,likely_official,About Us - The Bedford School,https://www.thebedfordschool.org/about/,www.thebedfordschool.org,likely_official,Squirrel Hollow - The Bedford School,https://www.thebedfordschool.org/programs/squirrel-hollow.cfm,www.thebedfordschool.org,likely_official,recommend_replace,3,1,1,recommend_replace,Squirrel Hollow - The Bedford School,https://www.thebedfordschool.org/programs/squirrel-hollow.cfm,www.thebedfordschool.org,likely_official,3
atlanta-families,2026-02-20,Swift School Summer Camps,Academic and Enrichment Summer Camps in Metro Atlanta,day,"Summer Explorations, Multisensory Math Clinic and Swift Skills for rising K-6th grade blend academics, enrichment, and life skills into fun, confidence-building experiences. June 1-July 17",https://www.atlantaparent.com/directory/15959/swift-school-2/,Atlanta Parent,,,"2026 Guide to Summer Camps in the Atlanta, GA area",none,16,"summer+camp, metro-geo",2026-02-20T04:56:55.148661+00:00,none,none,unchanged,,,"2026 Guide to Summer Camps in the Atlanta, GA area",15,"summer+camp, metro, trusted-aggregator",2026-02-20T05:08:51.276243+00:00,"""Swift School Summer Camps"" ""summer camp"" atlanta",2026-02-20T05:10:20.414481+00:00,Summer Programs - Swift School,https://www.theswiftschool.org/programs/summer-programs,www.theswiftschool.org,likely_official,"2026 Guide to Summer Camps in the Atlanta, GA area",https://atlanta.kidsoutandabout.com/content/guide-summer-camps-atlanta-ga-area,atlanta.kidsoutandabout.com,trusted_aggregator,2025 Atlanta Summer Camp Guide,https://atlantamom.com/in-around-atlanta/summer-camp-georgia-atlanta/,atlantamom.com,unknown,Summer Programs - Swift School,https://www.theswiftschool.org/programs/summer-programs,www.theswiftschool.org,likely_official,recommend_replace,1,0,0,recommend_replace,Summer Programs - Swift School,https://www.theswiftschool.org/programs/summer-programs,www.theswiftschool.org,likely_official,1
atlanta-families,2026-02-20,Wealthy Habits Money Smart Camp,Academic and Enrichment Summer Camps in Metro Atlanta,day,"Through fun games and activities, kids ages 11-18 learn earning, budgeting, saving, and investing. June 1-July 23",https://www.atlantaparent.com/directory/15947/wealthy-habits-financial-literacy-programs/,Atlanta Parent,,,History Summer Camp | Atlanta History Center,none,16,"summer+camp, metro-geo",2026-02-20T04:56:56.111952+00:00,none,none,unchanged,,,History Summer Camp | Atlanta History Center,15,"summer+camp, metro",2026-02-20T05:08:52.231435+00:00,"""Wealthy Habits Money Smart Camp"" ""summer camp"" atlanta",2026-02-20T05:10:21.222120+00:00,Mt. Bethel Summer Camp | School Break & Summer Camps,https://www.funclubs.com/camps/mt-bethel-summer-camp,www.funclubs.com,unknown,YMCA Atlanta Building Communities Where Everyone Belongs,https://ymcaatlanta.org/,ymcaatlanta.org,likely_official,History Summer Camp | Atlanta History Center,https://www.atlantahistorycenter.com/history-summer-camp/,www.atlantahistorycenter.com,unknown,YMCA Atlanta Building Communities Where Everyone Belongs,https://ymcaatlanta.org/,ymcaatlanta.org,likely_official,recommend_replace,0,0,0,manual_review_needed,,,,,0
atlanta-families,2026-02-20,Camp Carlos at Michael C. Carlos Museum,Art Summer Camps in Metro Atlanta,day,Camp Carlos offers creative and educational half-day camps for ages 7-17 centered on the Museum’s collections. June 1-July 24,https://www.atlantaparent.com/directory/52557/michael-c-carlos-museum-camp-carlos/,Atlanta Parent,https://carlos.emory.edu/camp,carlos.emory.edu,Camp | Emory | Michael C. Carlos Museum,low,28,"tokens:3, camp",2026-02-20T04:56:59.417139+00:00,low,low,unchanged,https://carlos.emory.edu/camp,carlos.emory.edu,Camp | Emory | Michael C. Carlos Museum,29,"tokens:3, camp, official-ish-domain",2026-02-20T05:08:53.272975+00:00,"""Camp Carlos at Michael C. Carlos Museum"" ""summer camp"" atlanta",2026-02-20T05:10:22.042319+00:00,Camp | Emory | Michael C. Carlos Museum,https://carlos.emory.edu/camp,carlos.emory.edu,likely_official,Camp Carlos Summer 2025 | Kids Out and About Atlanta,https://atlanta.kidsoutandabout.com/content/camp-carlos-summer-2025,atlanta.kidsoutandabout.com,trusted_aggregator,Welcome to the Carlos Museum | Emory | Michael C. Carlos Museum,https://carlos.emory.edu/,carlos.emory.edu,likely_official,Camp | Emory | Michael C. Carlos Museum,https://carlos.emory.edu/camp,carlos.emory.edu,likely_official,recommend_replace,3,1,3,recommend_replace,Camp | Emory | Michael C. Carlos Museum,https://carlos.emory.edu/camp,carlos.emory.edu,likely_official,3
atlanta-families,2026-02-20,Atlanta Dance Theatre,Dance/Music Camps in Metro Atlanta,day,"Dance camps, workshops and intensives for ages 3-14, at all experience levels",https://www.atlantaparent.com/directory/69217/atlanta-dance-theatre/,Atlanta Parent,https://atlanta.kidsoutandabout.com/content/dance-summer-camps-atlanta,atlanta.kidsoutandabout.com,Dance Summer Camps for Atlanta | Kids Out and About Atlanta,low,22,"tokens:1, summer+camp, metro-geo",2026-02-20T04:57:07.961451+00:00,low,none,downgraded,,,Dance Summer Camps for Atlanta | Kids Out and About Atlanta,21,"tokens:1, summer+camp, metro, trusted-aggregator",2026-02-20T05:08:54.384102+00:00,"""Atlanta Dance Theatre"" ""summer camp"" atlanta",2026-02-20T05:10:22.982392+00:00,Dance Summer Camps for Atlanta | Kids Out and About Atlanta,https://atlanta.kidsoutandabout.com/content/dance-summer-camps-atlanta,atlanta.kidsoutandabout.com,trusted_aggregator,Summer Camps,https://www.georgiaballet.org/summerprograms,www.georgiaballet.org,likely_official,Terminus Modern Ballet Theatre,https://www.terminusmbt.com/,www.terminusmbt.com,unknown,Summer Camps,https://www.georgiaballet.org/summerprograms,www.georgiaballet.org,likely_official,recommend_replace,0,0,0,manual_review_needed,,,,,0
atlanta-families,2026-02-20,Dance 411 Studios,Dance/Music Camps in Metro Atlanta,day,"Summer dance camp for ages 5-13 includes hip-hop, Afro beats, jazz and musical theater",https://www.atlantaparent.com/directory/69848/dance-411-studios/,Atlanta Parent,https://atlanta.kidsoutandabout.com/content/summer-kids-dance-acting-camps,atlanta.kidsoutandabout.com,Summer Kids Dance & Acting Camps | Kids Out and About Atlanta,low,22,"tokens:1, summer+camp, metro-geo",2026-02-20T04:57:10.469916+00:00,low,none,downgraded,,,Summer Kids Dance & Acting Camps | Kids Out and About Atlanta,21,"tokens:1, summer+camp, metro, trusted-aggregator",2026-02-20T05:08:55.415769+00:00,"""Dance 411 Studios"" ""summer camp"" atlanta",2026-02-20T05:10:23.869516+00:00,Dance 411 - Home,https://www.dance411.com/,www.dance411.com,unknown,Dance 411 | Grant Park,https://glenwoodpark.com/dance411?s=0.0.0.20,glenwoodpark.com,unknown,Summer Kids Dance & Acting Camps | Kids Out and About Atlanta,https://atlanta.kidsoutandabout.com/content/summer-kids-dance-acting-camps,atlanta.kidsoutandabout.com,trusted_aggregator,Summer Kids Dance & Acting Camps | Kids Out and About Atlanta,https://atlanta.kidsoutandabout.com/content/summer-kids-dance-acting-camps,atlanta.kidsoutandabout.com,trusted_aggregator,recommend_fallback,0,0,0,manual_review_needed,,,,,0
atlanta-families,2026-02-20,GSU College of the Arts Summer Music Institute,Dance/Music Camps in Metro Atlanta,day,"Intensive musician training for ages 13-18; tracks include choral, orchestral, jazz and music industry",https://www.atlantaparent.com/directory/56302/georgia-state-university-college-of-the-arts/,Atlanta Parent,https://thearts.gsu.edu/educational-outreach-summermusic/,thearts.gsu.edu,Summer Music Institute - College of the Arts,low,23,tokens:4,2026-02-20T04:57:11.479408+00:00,low,none,downgraded,,,Summer Music Institute - College of the Arts,16,"tokens:2, official-ish-domain",2026-02-20T05:08:56.395864+00:00,"""GSU College of the Arts Summer Music Institute"" ""summer camp"" atlanta",2026-02-20T05:10:24.620702+00:00,Summer Music Institute - College of the Arts,https://thearts.gsu.edu/educational-outreach-summermusic/,thearts.gsu.edu,likely_official,Summer Music Institue: Georgia State University,https://www.livinin.io/events/summer-music-institue-georgia-state-university,www.livinin.io,low_trust_directory,SMI Registration - College of the Arts,https://thearts.gsu.edu/smi-reg/,thearts.gsu.edu,likely_official,Summer Music Institute - College of the Arts,https://thearts.gsu.edu/educational-outreach-summermusic/,thearts.gsu.edu,likely_official,recommend_replace,2,0,1,recommend_replace,Summer Music Institute - College of the Arts,https://thearts.gsu.edu/educational-outreach-summermusic/,thearts.gsu.edu,likely_official,2
atlanta-families,2026-02-20,School of Rock Buckhead,Dance/Music Camps in Metro Atlanta,day,"Learn to play in a band! Themes for ages 5-18 include Rock 101, Classic Rock, Taylor Swift, Rookies Camp and more. May 26-July 31",https://www.atlantaparent.com/directory/72597/school-of-rock-buckhead/,Atlanta Parent,,,School of Rock | Mommy Poppins - Things To Do in Atlanta with ...,none,17,"tokens:1, camp, metro-geo",2026-02-20T04:57:15.912738+00:00,none,medium,upgraded,https://buckhead-sor.pike13.com/locations/school-of-rock-buckhead-9f043571-131a-413f-bc0e-e009dfe38621,buckhead-sor.pike13.com,School of Rock Buckhead,42,"exact-name, tokens:2",2026-02-20T05:08:57.654654+00:00,"""School of Rock Buckhead"" ""summer camp"" atlanta",2026-02-20T05:10:25.480572+00:00,Music Lessons & Programs in Buckhead | School of Rock,https://www.schoolofrock.com/locations/buckhead,www.schoolofrock.com,likely_official,School of Rock Atlanta - Summer Camps 2026,https://www.summercamps.com/camp/school-of-rock-atlanta/,www.summercamps.com,unknown,2025 Atlanta Summer Camp Guide,https://atlantamom.com/in-around-atlanta/summer-camp-georgia-atlanta/,atlantamom.com,unknown,Music Lessons & Programs in Buckhead | School of Rock,https://www.schoolofrock.com/locations/buckhead,www.schoolofrock.com,likely_official,recommend_replace,2,1,0,recommend_replace,Music Lessons & Programs in Buckhead | School of Rock,https://www.schoolofrock.com/locations/buckhead,www.schoolofrock.com,likely_official,2
atlanta-families,2026-02-20,Atlanta Shakespeare Drama Summer Camps,"Drama, Theater and Acting Camps in Metro Atlanta",day,"Camps for rising grades 3-8, plus intensives for 9-12th grade. Explore improvisation, stage combat, musical theatre and Shakespearean plays. June 1-July 27",https://www.atlantaparent.com/directory/9165/atlanta-shakespeare-company-summer-camp/,Atlanta Parent,https://www.campsearch.com/united-states/atlanta/summer-camps/shakespeare-superheroes,www.campsearch.com,"Shakespeare Superheroes | Theatre, Musical & Improv Summer ...",low,22,"tokens:1, summer+camp, metro-geo",2026-02-20T04:57:20.681102+00:00,low,none,downgraded,,,Theater Camps in Metro Atlanta | Alliance Theatre,20,"tokens:1, camp, metro, official-ish-domain",2026-02-20T05:08:58.902902+00:00,"""Atlanta Shakespeare Drama Summer Camps"" ""summer camp"" atlanta",2026-02-20T05:10:26.513244+00:00,Summer Programs | Atlanta Shakespeare Company,https://www.shakespearetavern.com/education/summer/,www.shakespearetavern.com,unknown,Theater Camps in Metro Atlanta | Alliance Theatre,https://www.alliancetheatre.org/classes/drama-camps/,www.alliancetheatre.org,likely_official,"Shakespeare Superheroes | Theatre, Musical & Improv Summer ...",https://www.campsearch.com/united-states/atlanta/summer-camps/shakespeare-superheroes,www.campsearch.com,low_trust_directory,Theater Camps in Metro Atlanta | Alliance Theatre,https://www.alliancetheatre.org/classes/drama-camps/,www.alliancetheatre.org,likely_official,recommend_replace,1,1,1,recommend_replace,Theater Camps in Metro Atlanta | Alliance Theatre,https://www.alliancetheatre.org/classes/drama-camps/,www.alliancetheatre.org,likely_official,1
atlanta-families,2026-02-20,Big Blue Marble Academy Camps,General and Enrichment Camps in Metro Atlanta,day,"Ages 5-12 can explore music, traveling continents to discover rhythms reflecting culture, history, resilience, and joy. June 1-Aug. 7",https://www.atlantaparent.com/directory/51906/big-blue-marble-academy/,Atlanta Parent,https://patch.com/georgia/atlanta/big-blue-marble-academy-atlanta-area-unveils-summer-games-24-camp,patch.com,Big Blue Marble Academy in Atlanta Area Unveils ... - Patch,low,28,"tokens:2, summer+camp, metro-geo",2026-02-20T04:57:22.896540+00:00,low,low,replaced_same_conf,https://bbmacademy.com/programs-old/summer-camp/,bbmacademy.com,"Programs-Summer Camp - Big Blue Marble Academy, premier ...",22,"tokens:2, summer+camp",2026-02-20T05:08:59.824765+00:00,"""Big Blue Marble Academy Camps"" ""summer camp"" atlanta",2026-02-20T05:10:27.618256+00:00,"Programs-Summer Camp - Big Blue Marble Academy, premier ...",https://bbmacademy.com/programs-old/summer-camp/,bbmacademy.com,unknown,Big Blue Marble Academy in Atlanta Area Unveils ... - Patch,https://patch.com/georgia/atlanta/big-blue-marble-academy-atlanta-area-unveils-summer-games-24-camp,patch.com,low_trust_directory,Big Blue Marble Academy Announces the Opening of the 28th ...,https://es.finance.yahoo.com/news/big-blue-marble-academy-announces-175700700.html,es.finance.yahoo.com,unknown,,,,,manual_review_needed,2,2,2,manual_review_needed,,,,,0
atlanta-families,2026-02-20,Carrington Academy Summer Camps,General and Enrichment Camps in Metro Atlanta,day,"Sports, makerspace, STEAM, science, drama, arts and more for ages 5-11. May 26-July 30",https://www.atlantaparent.com/directory/9566/carrington-academy/,Atlanta Parent,,,Summer Camp Near Me | Carrington Academy,none,16,"tokens:1, summer+camp",2026-02-20T04:57:25.039165+00:00,none,none,unchanged,,,Carrington Academy Kindergarten Enrichment - Summer Camps 2025,21,"tokens:1, summer+camp, metro",2026-02-20T05:09:00.800694+00:00,"""Carrington Academy Summer Camps"" ""summer camp"" atlanta",2026-02-20T05:10:28.554594+00:00,Summer Camp Near Me | Carrington Academy,https://www.carringtonacademy.com/camp/summer-camp/,www.carringtonacademy.com,unknown,Carrington Academy | Kids Out and About Atlanta,https://atlanta.kidsoutandabout.com/content/carrington-academy,atlanta.kidsoutandabout.com,trusted_aggregator,"Carrington Academy, Atlanta, GA (2026) - Find Local Businesses",https://www.findglocal.com/US/Atlanta/196346250395178/Carrington-Academy,www.findglocal.com,low_trust_directory,Carrington Academy | Kids Out and About Atlanta,https://atlanta.kidsoutandabout.com/content/carrington-academy,atlanta.kidsoutandabout.com,trusted_aggregator,recommend_fallback,1,1,1,recommend_fallback,Carrington Academy | Kids Out and About Atlanta,https://atlanta.kidsoutandabout.com/content/carrington-academy,atlanta.kidsoutandabout.com,trusted_aggregator,1
atlanta-families,2026-02-20,The Haven Academy Summer Camp,General and Enrichment Camps in Metro Atlanta,day,"Academic skill refresh, STEAM, outdoor play, filmmaking, crafts, high school courses and more for ages 5-18. June 8-July 17",https://www.atlantaparent.com/directory/69110/the-haven-academy-summer-camps/,Atlanta Parent,,,"The Haven Academy, private McKay Scholarship school ...",none,19,"tokens:1, summer+camp",2026-02-20T04:57:29.603598+00:00,none,none,unchanged,,,"The Haven Academy, private McKay Scholarship school ...",20,"tokens:1, summer+camp, official-ish-domain",2026-02-20T05:09:01.775545+00:00,"""The Haven Academy Summer Camp"" ""summer camp"" atlanta",2026-02-20T05:10:29.529373+00:00,"The Haven Academy - Summer Programs, Summer Camps, Academic ...",https://thehavenacademy.com/summer-2025,thehavenacademy.com,unknown,"The Haven Academy, private McKay Scholarship school ...",https://www.thehavensrq.org/adventure-summer-camp/,www.thehavensrq.org,likely_official,History Summer Camp | Atlanta History Center,https://www.atlantahistorycenter.com/history-summer-camp/,www.atlantahistorycenter.com,unknown,"The Haven Academy, private McKay Scholarship school ...",https://www.thehavensrq.org/adventure-summer-camp/,www.thehavensrq.org,likely_official,recommend_replace,1,1,0,recommend_replace,"The Haven Academy, private McKay Scholarship school ...",https://www.thehavensrq.org/adventure-summer-camp/,www.thehavensrq.org,likely_official,1
atlanta-families,2026-02-20,Landmark Christian School Summer Camps,General and Enrichment Camps in Metro Atlanta,day,"Camps for all ages include academics, arts, athletics and Oasis Summer Adventure camps",https://www.atlantaparent.com/directory/40892/landmark-christian-school-summer-camp/,Atlanta Parent,https://www.invent.org/program-search/camp-invention/ga22/11448,www.invent.org,Landmark Christian School | Camp Invention®,low,26,"tokens:2, camp, metro-geo",2026-02-20T04:57:35.208314+00:00,low,none,downgraded,,,"Camp Invention at Landmark Christian School, Georgia",21,"tokens:1, summer+camp, metro",2026-02-20T05:09:02.813903+00:00,"""Landmark Christian School Summer Camps"" ""summer camp"" atlanta",2026-02-20T05:10:30.452664+00:00,SUMMER CAMPS 2025 - Landmark Christian School,https://landmarkchristianschool.org/summer-camps-2025/,landmarkchristianschool.org,likely_official,Landmark Christian School | Camp Invention®,https://www.invent.org/program-search/camp-invention/ga22/11448,www.invent.org,likely_official,"SUMMER CAMP PROGRAMS in Norcross, GA | GAC Summer Camp",https://www.greateratlantachristian.org/campus-life/summer-camp/summer-camp,www.greateratlantachristian.org,likely_official,SUMMER CAMPS 2025 - Landmark Christian School,https://landmarkchristianschool.org/summer-camps-2025/,landmarkchristianschool.org,likely_official,recommend_replace,2,2,0,recommend_replace,SUMMER CAMPS 2025 - Landmark Christian School,https://landmarkchristianschool.org/summer-camps-2025/,landmarkchristianschool.org,likely_official,2
atlanta-families,2026-02-20,Marcus Jewish Community Center of Atlanta (MJCCA) Summer Day Camps,General and Enrichment Camps in Metro Atlanta,day,"Traditional outdoor camps for ages 4-14 with boating, rock wall, zip line and more, plus performing arts, sports, theme and teen camps. May 26-July 31",https://www.atlantaparent.com/directory/16287/marcus-jewish-community-center-atlanta-mjcca-summer-day-camps?p=16287,Atlanta Parent,https://www.atlantajcc.org/our-programs/camps/mjcca-day-camps/,www.atlantajcc.org,"MJCCA Day Camps - Marcus JCC of Atlanta (MJCCA) in Dunwoody, GA",low,26,"tokens:2, camp, metro-geo",2026-02-20T04:57:37.404728+00:00,low,low,unchanged,https://www.atlantajcc.org/our-programs/camps/mjcca-day-camps/,www.atlantajcc.org,"MJCCA Day Camps - Marcus JCC of Atlanta (MJCCA) in Dunwoody, GA",26,"tokens:2, camp, metro, official-ish-domain",2026-02-20T05:09:03.894321+00:00,"""Marcus Jewish Community Center of Atlanta (MJCCA) Summer Day Camps"" ""summer camp"" atlanta",2026-02-20T05:10:31.577977+00:00,"MJCCA Day Camps - Marcus JCC of Atlanta (MJCCA) in Dunwoody, GA",https://www.atlantajcc.org/our-programs/camps/mjcca-day-camps/,www.atlantajcc.org,likely_official,"MJCCA Summer Day Camps Bring Fun, Friends, and Adventure!",https://www.mjccadaycamps.org/,www.mjccadaycamps.org,likely_official,Find a Camp - MJCCA Summer Day Camps,https://www.mjccadaycamps.org/camps/,www.mjccadaycamps.org,likely_official,"MJCCA Day Camps - Marcus JCC of Atlanta (MJCCA) in Dunwoody, GA",https://www.atlantajcc.org/our-programs/camps/mjcca-day-camps/,www.atlantajcc.org,likely_official,recommend_replace,2,1,1,recommend_replace,"MJCCA Day Camps - Marcus JCC of Atlanta (MJCCA) in Dunwoody, GA",https://www.atlantajcc.org/our-programs/camps/mjcca-day-camps/,www.atlantajcc.org,likely_official,2
atlanta-families,2026-02-20,McGinnis Woods School Sunsational Summer,General and Enrichment Camps in Metro Atlanta,day,"“Summer at The Woods” for ages 4-13 with weekly themes and field trips, art, music, STEM, sports, water games and more. May 27-Aug. 1",https://www.atlantaparent.com/directory/16288/mcginnis-woods-country-day-school-sunsational-summer?p=16288,Atlanta Parent,,,Summer Camp-Becker Bldg. – Atlanta Belvedere SDA Church,none,19,"summer+camp, metro-geo",2026-02-20T04:57:39.650562+00:00,none,none,unchanged,,,"BEST Private School in Alpharetta, GA - PK - 8th - McGinnis ...",21,"tokens:2, metro, official-ish-domain",2026-02-20T05:09:04.791179+00:00,"""McGinnis Woods School Sunsational Summer"" ""summer camp"" atlanta",2026-02-20T05:10:32.343335+00:00,"BEST Private School in Alpharetta, GA - PK - 8th - McGinnis ...",https://www.mcginniswoods.org/,www.mcginniswoods.org,likely_official,SUMMER CAMP 2024: Looking for a summer camp for ... - Atlanta,https://www.wsbtv.com/news/local/atlanta/looking-summer-camp-your-kids-heres-list-you-consider/46GNPX7OOFD3NGOEDA3SNY2HHA/,www.wsbtv.com,unknown,25-0048 Summer Camp Flyer v4 - ndacademy.org,https://ndacademy.org/wp-content/uploads/2026/02/25-0048-Summer-Camp-Flyer-v4.pdf,ndacademy.org,likely_official,"BEST Private School in Alpharetta, GA - PK - 8th - McGinnis ...",https://www.mcginniswoods.org/,www.mcginniswoods.org,likely_official,recommend_replace,1,0,0,recommend_replace,"BEST Private School in Alpharetta, GA - PK - 8th - McGinnis ...",https://www.mcginniswoods.org/,www.mcginniswoods.org,likely_official,1
atlanta-families,2026-02-20,Montessori Academy at Vickery,General and Enrichment Camps in Metro Atlanta,day,"Weekly themes f0r ages 5-9 include All Ball, Game Masters, Artistic Inspiration, Aquatic Adventure and more",https://www.atlantaparent.com/directory/16293/montessori-at-vickery/,Atlanta Parent,,,"Montessori at Vickery Academy, Georgia",none,18,"tokens:2, metro-geo",2026-02-20T04:57:42.044259+00:00,none,low,upgraded,https://montessorivickery.com/wp-content/uploads/2025/01/MAV_Summer-Camp-2025-1.pdf,montessorivickery.com,Summer Camp 2025 - flyer - montessorivickery.com,22,"tokens:2, summer+camp",2026-02-20T05:09:05.840200+00:00,"""Montessori Academy at Vickery"" ""summer camp"" atlanta",2026-02-20T05:10:33.241673+00:00,Summer Camp 2025 - flyer - montessorivickery.com,https://montessorivickery.com/wp-content/uploads/2025/01/MAV_Summer-Camp-2025-1.pdf,montessorivickery.com,likely_official,"Montessori at Vickery Academy, Georgia",https://montessorivickery.com/,montessorivickery.com,likely_official,25-0048 Summer Camp Flyer v4 - ndacademy.org,https://ndacademy.org/wp-content/uploads/2026/02/25-0048-Summer-Camp-Flyer-v4.pdf,ndacademy.org,likely_official,Summer Camp 2025 - flyer - montessorivickery.com,https://montessorivickery.com/wp-content/uploads/2025/01/MAV_Summer-Camp-2025-1.pdf,montessorivickery.com,likely_official,recommend_replace,0,2,0,recommend_replace,"Montessori at Vickery Academy, Georgia",https://montessorivickery.com/,montessorivickery.com,likely_official,2
atlanta-families,2026-02-20,Oak Grove Academy Camps,General and Enrichment Camps in Metro Atlanta,day,"Fun-filled, enriching camps for ages 4-12 include Aquatic Adventure, Crazy Contraptions, Legendary Creatures, All Ball, Master Chefs and more",https://www.atlantaparent.com/directory/69081/oak-grove-academy-3/,Atlanta Parent,https://mommypoppins.com/atlanta-kids/directory/camps/oak-grove-academy-summer-camps,mommypoppins.com,Oak Grove Academy Summer Camps - Mommy Poppins,low,22,"tokens:1, summer+camp, metro-geo",2026-02-20T04:57:43.314111+00:00,low,none,downgraded,,,Oak Grove Academy Summer Camps - Mommy Poppins,21,"tokens:1, summer+camp, metro, trusted-aggregator",2026-02-20T05:09:08.834224+00:00,"""Oak Grove Academy Camps"" ""summer camp"" atlanta",2026-02-20T05:10:34.335028+00:00,Oak Grove Academy Summer Camps - Mommy Poppins,https://mommypoppins.com/atlanta-kids/directory/camps/oak-grove-academy-summer-camps,mommypoppins.com,trusted_aggregator,Day Camp for kids age 5-14 serving Metro Atlanta | Oak Tree ...,https://www.oaktreecamps.com/,www.oaktreecamps.com,unknown,Home - Oak Grove Academy,https://oakgroveacademy.org/,oakgroveacademy.org,likely_official,Home - Oak Grove Academy,https://oakgroveacademy.org/,oakgroveacademy.org,likely_official,recommend_replace,1,0,1,recommend_fallback,Oak Grove Academy Summer Camps - Mommy Poppins,https://mommypoppins.com/atlanta-kids/directory/camps/oak-grove-academy-summer-camps,mommypoppins.com,trusted_aggregator,1
atlanta-families,2026-02-20,Paideia School Summer Camp,General and Enrichment Camps in Metro Atlanta,day,"Creative camps for ages 3-14 include traditional camp, with enriching indoor and outdoor activities, along with a variety of sports camps. June 8-July 17",https://www.atlantaparent.com/directory/16301/paideia-school-summer-camp/,Atlanta Parent,https://www.paideiaschool.org/our-school/summer-camp,www.paideiaschool.org,The Paideia School Atlanta Summer Camps,low,25,"tokens:1, summer+camp, metro-geo",2026-02-20T04:57:47.885056+00:00,low,low,unchanged,https://www.paideiaschool.org/our-school/summer-camp,www.paideiaschool.org,The Paideia School Atlanta Summer Camps,25,"tokens:1, summer+camp, metro, official-ish-domain",2026-02-20T05:09:10.561008+00:00,"""Paideia School Summer Camp"" ""summer camp"" atlanta",2026-02-20T05:10:35.211964+00:00,The Paideia School Atlanta Summer Camps,https://www.paideiaschool.org/our-school/summer-camp,www.paideiaschool.org,likely_official,Summer Camps for your Kids - Midtownatlanta.org,https://midtownatlanta.org/summer-camps-for-your-kids/,midtownatlanta.org,likely_official,Summer Camps 2026 — Cliff Valley School,https://www.cliffvalley.org/summercamps2026,www.cliffvalley.org,likely_official,The Paideia School Atlanta Summer Camps,https://www.paideiaschool.org/our-school/summer-camp,www.paideiaschool.org,likely_official,recommend_replace,1,0,0,recommend_replace,The Paideia School Atlanta Summer Camps,https://www.paideiaschool.org/our-school/summer-camp,www.paideiaschool.org,likely_official,1
atlanta-families,2026-02-20,Saint Anne’s Day School Summer Camp,General and Enrichment Camps in Metro Atlanta,day,"Camps for ages 2-7 years emphasize the outdoors, music and movement, arts and crafts, nature, science and summer fun. June 8-July 17",https://www.atlantaparent.com/directory/62829/saint-annes-day-school-summer-camp/,Atlanta Parent,https://www.saintannesdayschool.com/programs/summer-camp/,www.saintannesdayschool.com,Summer Camp – Saint Anne's Day School & Enrichment Programs,low,25,"tokens:2, summer+camp",2026-02-20T04:57:51.334220+00:00,low,low,unchanged,https://www.saintannesdayschool.com/programs/summer-camp/,www.saintannesdayschool.com,Summer Camp – Saint Anne's Day School & Enrichment Programs,26,"tokens:2, summer+camp, official-ish-domain",2026-02-20T05:09:11.605238+00:00,"""Saint Anne’s Day School Summer Camp"" ""summer camp"" atlanta",2026-02-20T05:10:36.459864+00:00,Summer Camp – Saint Anne's Day School & Enrichment Programs,https://www.saintannesdayschool.com/programs/summer-camp/,www.saintannesdayschool.com,likely_official,Outreach — Saint Anne's Episcopal Church & Day School,https://www.saintannes.com/outreach,www.saintannes.com,unknown,Saint Anne's Day School | Mommy Poppins - Things To Do in ...,https://mommypoppins.com/atlanta-kids/directory/camps/saint-annes-day-school,mommypoppins.com,trusted_aggregator,Summer Camp – Saint Anne's Day School & Enrichment Programs,https://www.saintannesdayschool.com/programs/summer-camp/,www.saintannesdayschool.com,likely_official,recommend_replace,2,2,2,recommend_replace,Summer Camp – Saint Anne's Day School & Enrichment Programs,https://www.saintannesdayschool.com/programs/summer-camp/,www.saintannesdayschool.com,likely_official,2
atlanta-families,2026-02-20,St. Benedict’s Episcopal School Summer Camps,General and Enrichment Camps in Metro Atlanta,day,"Camps for ages 4-14 include educational, sports-themed, art, STEAM, cooking, drama, gymnastics and more. June 1-July 24",https://www.atlantaparent.com/directory/19194/st-benedicts-episcopal-school-2/,Atlanta Parent,https://smyrnavinings.macaronikid.com/articles/58264ae424d8f4da3aabf550/st-benedicts-episcopal-day-school-summer-camps,smyrnavinings.macaronikid.com,St. Benedict's Episcopal Day School Summer Camps,low,22,"tokens:2, summer+camp",2026-02-20T04:57:52.411888+00:00,low,low,unchanged,https://smyrnavinings.macaronikid.com/articles/58264ae424d8f4da3aabf550/st-benedicts-episcopal-day-school-summer-camps,smyrnavinings.macaronikid.com,St. Benedict's Episcopal Day School Summer Camps,22,"tokens:2, summer+camp",2026-02-20T05:09:12.651838+00:00,"""St. Benedict’s Episcopal School Summer Camps"" ""summer camp"" atlanta",2026-02-20T05:10:37.384363+00:00,SUMMER CAMPS - St. Benedict's,https://www.stbs.org/summer-camps,www.stbs.org,likely_official,Big Thinkers – St. Benedicts Summer Camp,https://bigthinkersscience.com/programs/camps/st-benedicts-summer-camp/,bigthinkersscience.com,unknown,St. Benedict's Episcopal Day School Summer Camps,https://smyrnavinings.macaronikid.com/articles/58264ae424d8f4da3aabf550/st-benedicts-episcopal-day-school-summer-camps,smyrnavinings.macaronikid.com,unknown,SUMMER CAMPS - St. Benedict's,https://www.stbs.org/summer-camps,www.stbs.org,likely_official,recommend_replace,1,0,2,recommend_replace,SUMMER CAMPS - St. Benedict's,https://www.stbs.org/summer-camps,www.stbs.org,likely_official,1
atlanta-families,2026-02-20,Saint Francis Schools Summer Camps,General and Enrichment Camps in Metro Atlanta,day,"Basketball, literacy, language arts, math, games, art and more for ages 7-14. July 6-17",https://www.atlantaparent.com/directory/65829/saint-francis-school-summer-camps/,Atlanta Parent,https://www.saintfrancisschools.com/academics/summer-programs.cfm,www.saintfrancisschools.com,Summer Programs - Saint Francis Schools,low,23,tokens:3,2026-02-20T04:57:53.563496+00:00,low,low,replaced_same_conf,https://www.saintfrancisschools.com/,www.saintfrancisschools.com,Saint Francis School | Private College Prep in Roswell ...,29,"tokens:3, metro, official-ish-domain",2026-02-20T05:09:13.739353+00:00,"""Saint Francis Schools Summer Camps"" ""summer camp"" atlanta",2026-02-20T05:10:38.238569+00:00,Summer Programs - Saint Francis Schools,https://www.saintfrancisschools.com/academics/summer-programs.cfm,www.saintfrancisschools.com,likely_official,2025 Atlanta Summer Camp Guide,https://atlantamom.com/in-around-atlanta/summer-camp-georgia-atlanta/,atlantamom.com,unknown,Marist School Summer Camps: Online Registration by MyRec.com ...,http://maristschoolga.myrec.com/info/default.aspx,maristschoolga.myrec.com,likely_official,Summer Programs - Saint Francis Schools,https://www.saintfrancisschools.com/academics/summer-programs.cfm,www.saintfrancisschools.com,likely_official,recommend_replace,3,0,0,recommend_replace,Summer Programs - Saint Francis Schools,https://www.saintfrancisschools.com/academics/summer-programs.cfm,www.saintfrancisschools.com,likely_official,3
atlanta-families,2026-02-20,St. Pius X Summer Camps,General and Enrichment Camps in Metro Atlanta,day,"Camps for K-8th graders include basketball, soccer, softball, baseball, dance, wrestling, lacrosse, cheerleading and more. June 1-July 23",https://www.atlantaparent.com/directory/72595/st-pius-x-summer-camps/,Atlanta Parent,https://spxgoldenlions.com/sports/2025/12/17/summer-camps.aspx,spxgoldenlions.com,Summer Camps 2026 - St. Pius X Catholic High School (GA),low,22,"tokens:1, summer+camp, metro-geo",2026-02-20T04:57:54.821483+00:00,low,none,downgraded,,,Summer Camps 2026 - St. Pius X Catholic High School (GA),21,"tokens:1, summer+camp, metro",2026-02-20T05:09:14.536066+00:00,"""St. Pius X Summer Camps"" ""summer camp"" atlanta",2026-02-20T05:10:41.903480+00:00,Summer - St. Pius X Catholic High School,https://www.spx.org/campus-life/summer,www.spx.org,likely_official,"SPX Camps Greensboro, NC - About",https://spxcamps.com/,spxcamps.com,unknown,Summer Camps 2026 - St. Pius X Catholic High School (GA),https://spxgoldenlions.com/sports/2025/12/17/summer-camps.aspx,spxgoldenlions.com,unknown,Summer - St. Pius X Catholic High School,https://www.spx.org/campus-life/summer,www.spx.org,likely_official,recommend_replace,1,0,1,recommend_replace,Summer - St. Pius X Catholic High School,https://www.spx.org/campus-life/summer,www.spx.org,likely_official,1
atlanta-families,2026-02-20,Sunshine House Next Level Adventure Camp,General and Enrichment Camps in Metro Atlanta,day,"A summer full of excitement with weekly themes, field trips, outdoor play and hands-on activities for ages 5-12. 20 locations. May 26-Aug. 7",https://www.atlantaparent.com/directory/16318/sunshine-houses-summer-challenge/,Atlanta Parent,https://sunshinehouse.com/region/metro-atlanta-region-summer-camp/,sunshinehouse.com,Metro Atlanta Region Summer Camp | Sunshine House,low,28,"tokens:2, summer+camp, metro-geo",2026-02-20T04:57:57.155706+00:00,low,low,unchanged,https://sunshinehouse.com/region/metro-atlanta-region-summer-camp/,sunshinehouse.com,Metro Atlanta Region Summer Camp | Sunshine House,27,"tokens:2, summer+camp, metro",2026-02-20T05:09:15.582899+00:00,"""Sunshine House Next Level Adventure Camp"" ""summer camp"" atlanta",2026-02-20T05:10:44.947699+00:00,Metro Atlanta Region Summer Camp | Sunshine House,https://sunshinehouse.com/region/metro-atlanta-region-summer-camp/,sunshinehouse.com,unknown,Summer Day Camp | 5 to 12-Year-Olds | Sunshine House,https://sunshinehouse.com/programs/summer-camp/,sunshinehouse.com,unknown,Give your kids the adventure of an Atlanta YMCA Summer Camp.,https://ymcaatlanta.org/camp/day-camp,ymcaatlanta.org,likely_official,Give your kids the adventure of an Atlanta YMCA Summer Camp.,https://ymcaatlanta.org/camp/day-camp,ymcaatlanta.org,likely_official,recommend_replace,2,2,1,recommend_replace,Give your kids the adventure of an Atlanta YMCA Summer Camp.,https://ymcaatlanta.org/camp/day-camp,ymcaatlanta.org,likely_official,1
atlanta-families,2026-02-20,Tech Wreck Summer Camps,General and Enrichment Camps in Metro Atlanta,day,"Diverse experiences for grades 1-8, with sports, arts and crafts, team building, field trips and more. Held on the Georgia Tech Campus",https://www.atlantaparent.com/directory/68580/tech-wreck-summer-camp-at-georgia-tech/,Atlanta Parent,https://kidvoyage.com/camps/usa/tech-wreck-summer-camp,kidvoyage.com,"Tech Wreck Summer Camp | Summer Camp in Atlanta, GA - 2026 ...",low,28,"tokens:2, summer+camp, metro-geo",2026-02-20T04:57:58.176283+00:00,low,low,replaced_same_conf,https://www.campnavigator.com/summer-camp/tech_wreck_summer_camp_15811.html,www.campnavigator.com,"Tech Wreck Summer Camp in Atlanta, Georgia | CampNavigator ...",27,"tokens:2, summer+camp, metro",2026-02-20T05:09:16.539188+00:00,"""Tech Wreck Summer Camps"" ""summer camp"" atlanta",2026-02-20T05:10:45.924364+00:00,Youth Programs – Campus Recreation - gatech.edu,https://crc.gatech.edu/youth-programs/,crc.gatech.edu,likely_official,"Tech Wreck Summer Camp | Summer Camp in Atlanta, GA - 2026 ...",https://kidvoyage.com/camps/usa/tech-wreck-summer-camp,kidvoyage.com,low_trust_directory,Georgia Tech Campus Recreation Summer Camps | My Kid Camp,https://mykidcamp.com/host/georgia-tech-campus-recreation-atlanta-ga,mykidcamp.com,low_trust_directory,Youth Programs – Campus Recreation - gatech.edu,https://crc.gatech.edu/youth-programs/,crc.gatech.edu,likely_official,recommend_replace,0,2,1,manual_review_needed,,,,,0
atlanta-families,2026-02-20,Waldorf School of Atlanta Summer Camp,General and Enrichment Camps in Metro Atlanta,day,"Gardening, hiking, cooking, music therapy, chess, LEGO, plants, designer sewing and more for ages 2-18",https://www.atlantaparent.com/directory/16322/waldorf-school-atlanta-summer-camps/,Atlanta Parent,,,2025 Atlanta Summer Camp Guide,none,16,"summer+camp, metro-geo",2026-02-20T04:57:59.363267+00:00,none,none,unchanged,,,Event Calendar — The Waldorf School of Atlanta,15,"tokens:1, metro, official-ish-domain",2026-02-20T05:09:17.728585+00:00,"""Waldorf School of Atlanta Summer Camp"" ""summer camp"" atlanta",2026-02-20T05:10:48.418405+00:00,Event Calendar — The Waldorf School of Atlanta,https://www.waldorfatlanta.org/event-calendar,www.waldorfatlanta.org,likely_official,2025 Atlanta Summer Camp Guide,https://atlantamom.com/in-around-atlanta/summer-camp-georgia-atlanta/,atlantamom.com,unknown,The Waldorf School of Atlanta,https://www.waldorfatlanta.org/,www.waldorfatlanta.org,likely_official,Event Calendar — The Waldorf School of Atlanta,https://www.waldorfatlanta.org/event-calendar,www.waldorfatlanta.org,likely_official,recommend_replace,1,0,1,recommend_replace,Event Calendar — The Waldorf School of Atlanta,https://www.waldorfatlanta.org/event-calendar,www.waldorfatlanta.org,likely_official,1
atlanta-families,2026-02-20,Westminster Summer Camps,General and Enrichment Camps in Metro Atlanta,day,"More than 60 unique camps, including traditional day camps, sports camps, and specialty camps for PreK–9th grade. June 1-July 10",https://www.atlantaparent.com/directory/16324/westminster-schools-summer-programs/,Atlanta Parent,https://www.kidscamps.com/Camps/Westminster_Summer_Programs_Atlanta_Georgia-237137.html,www.kidscamps.com,Westminster Summer Programs Atlanta GA - KidsCamps.com,low,22,"tokens:1, summer+camp, metro-geo",2026-02-20T04:58:00.361366+00:00,low,none,downgraded,,,Westminster Summer Programs Atlanta GA - KidsCamps.com,21,"tokens:1, summer+camp, metro",2026-02-20T05:09:18.574548+00:00,"""Westminster Summer Camps"" ""summer camp"" atlanta",2026-02-20T05:10:49.252568+00:00,Summer Camps - Westminster Schools,https://www.westminster.net/academics/summer-programs/summer-camps,www.westminster.net,unknown,Summer Camp | Camp Westminster,https://www.campwestminster.org/christian-summer-camp,www.campwestminster.org,likely_official,2025 Westminster Summer Camp Brochure 010225 REVISION,https://issuu.com/thewestminsterschools/docs/wes-147_2025_summer_camp_brochure_final_010225rev,issuu.com,unknown,Summer Camp | Camp Westminster,https://www.campwestminster.org/christian-summer-camp,www.campwestminster.org,likely_official,recommend_replace,1,1,1,recommend_replace,Summer Camp | Camp Westminster,https://www.campwestminster.org/christian-summer-camp,www.campwestminster.org,likely_official,1
atlanta-families,2026-02-20,Arthur M. Blank Center for Stuttering Education & Research,Special Needs Camps in Metro Atlanta,day,"Campers who stutter increase communication, self-confidence and leadership skills at Camp Dream. Speak. Live. July 13-17",https://www.atlantaparent.com/directory/55095/arthur-m-blank-for-stuttering-education-and-research/,Atlanta Parent,https://blankcenterforstuttering.org/,blankcenterforstuttering.org,Home - Arthur M. Blank Center for Stuttering Education,low,23,tokens:4,2026-02-20T04:58:14.793064+00:00,low,low,unchanged,https://blankcenterforstuttering.org/,blankcenterforstuttering.org,Home - Arthur M. Blank Center for Stuttering Education,24,"tokens:4, official-ish-domain",2026-02-20T05:09:19.441448+00:00,"""Arthur M. Blank Center for Stuttering Education & Research"" ""summer camp"" atlanta",2026-02-20T05:10:50.372558+00:00,Home - Arthur M. Blank Center for Stuttering Education,https://blankcenterforstuttering.org/,blankcenterforstuttering.org,likely_official,"Gresham 2026 Summer Camp Week#2 Ages 7-8 Boys - Atlanta, GA 2026",https://www.activekids.com/atlanta-ga/parenting-and-family/camps/gresham-summer-camp-week-2-ages-7-8-boys-2026,www.activekids.com,trusted_aggregator,Summer Camp-Becker Bldg. – Atlanta Belvedere SDA Church,https://belvederesdachurch.org/events/summer-camp-becker-bldg-2/,belvederesdachurch.org,likely_official,Home - Arthur M. Blank Center for Stuttering Education,https://blankcenterforstuttering.org/,blankcenterforstuttering.org,likely_official,recommend_replace,4,0,0,recommend_replace,Home - Arthur M. Blank Center for Stuttering Education,https://blankcenterforstuttering.org/,blankcenterforstuttering.org,likely_official,4
atlanta-families,2026-02-20,Challenge Aerial Atlanta,Sports Camps in Metro Atlanta,day,"Learn aerial arts in safe environment; camps for ages 9-14 include techniques on aerial silks, sling (hammock), trapeze, lyra, and rope",https://www.atlantaparent.com/directory/69651/challenge-aerial-atlanta/,Atlanta Parent,https://www.challengeaerialatlanta.com/summer-camps-are-posted/,www.challengeaerialatlanta.com,Summer Camps are Posted! – Challenge Aerial,low,28,"tokens:2, summer+camp, metro-geo",2026-02-20T04:58:18.476878+00:00,low,low,unchanged,https://www.challengeaerialatlanta.com/summer-camps-are-posted/,www.challengeaerialatlanta.com,Summer Camps are Posted! – Challenge Aerial,27,"tokens:2, summer+camp, metro",2026-02-20T05:09:20.362655+00:00,"""Challenge Aerial Atlanta"" ""summer camp"" atlanta",2026-02-20T05:10:51.654956+00:00,Camps – Challenge Aerial,https://www.challengeaerialatlanta.com/camps/,www.challengeaerialatlanta.com,unknown,"Challenge Aerial – Offering trapeze classes, silks classes ...",https://www.challengeaerialatlanta.com/,www.challengeaerialatlanta.com,unknown,2025/2026 Youth Classes – Challenge Aerial,https://www.challengeaerialatlanta.com/youth-classes/,www.challengeaerialatlanta.com,unknown,,,,,manual_review_needed,2,2,2,manual_review_needed,,,,,0
atlanta-families,2026-02-20,Coach Jamie Hunt’s Bulldog Tennis Camp,Sports Camps in Metro Atlanta,day,"Ages 9-18 will learn tennis in a challenging, enjoyable environment with top-notch instructors",https://www.atlantaparent.com/directory/68468/coach-jamie-hunts-bulldog-tennis-camp/,Atlanta Parent,https://www.mouratoglou.com/en/international/atlanta/summer-camps-2026/,www.mouratoglou.com,Junior Summer Camps - Mouratoglou Tennis Center Atlanta,low,22,"tokens:1, summer+camp, metro-geo",2026-02-20T04:58:19.509738+00:00,low,none,downgraded,,,Junior Summer Camps - Mouratoglou Tennis Center Atlanta,21,"tokens:1, summer+camp, metro",2026-02-20T05:09:21.236742+00:00,"""Coach Jamie Hunt’s Bulldog Tennis Camp"" ""summer camp"" atlanta",2026-02-20T05:10:52.486514+00:00,2025 The Alta Guide to Summer Camps - ALTA Net News Magazine,https://www.netnewsmag.com/articles/features-articles/2025-the-alta-guide-to-summer-camps/,www.netnewsmag.com,unknown,Junior Summer Camps - Mouratoglou Tennis Center Atlanta,https://www.mouratoglou.com/en/international/atlanta/summer-camps-2026/,www.mouratoglou.com,unknown,25-0048 Summer Camp Flyer v4 - ndacademy.org,https://ndacademy.org/wp-content/uploads/2026/02/25-0048-Summer-Camp-Flyer-v4.pdf,ndacademy.org,likely_official,25-0048 Summer Camp Flyer v4 - ndacademy.org,https://ndacademy.org/wp-content/uploads/2026/02/25-0048-Summer-Camp-Flyer-v4.pdf,ndacademy.org,likely_official,recommend_replace,0,1,0,manual_review_needed,,,,,0
atlanta-families,2026-02-20,Diventures Swim Camps,Sports Camps in Metro Atlanta,day,"Swim camps with lessons, open swim, water safety, ocean ecology and games. Alpharetta",https://www.atlantaparent.com/directory/66110/diventuresswimcamps/,Atlanta Parent,,,25-0048 Summer Camp Flyer v4 - ndacademy.org,none,13,summer+camp,2026-02-20T04:58:20.591673+00:00,none,none,unchanged,,,"Gresham 2026 Summer Camp Week#4 Ages 7-8 Boys - Atlanta, GA 2026",15,"summer+camp, metro, trusted-aggregator",2026-02-20T05:09:22.346255+00:00,"""Diventures Swim Camps"" ""summer camp"" atlanta",2026-02-20T05:10:54.054955+00:00,"Gresham 2026 Summer Camp Week#4 Ages 7-8 Boys - Atlanta, GA 2026",https://www.activekids.com/atlanta-ga/parenting-and-family/camps/gresham-summer-camp-week-4-ages-7-8-boys-2026,www.activekids.com,trusted_aggregator,25-0048 Summer Camp Flyer v4 - ndacademy.org,https://ndacademy.org/wp-content/uploads/2026/02/25-0048-Summer-Camp-Flyer-v4.pdf,ndacademy.org,likely_official,,,,,25-0048 Summer Camp Flyer v4 - ndacademy.org,https://ndacademy.org/wp-content/uploads/2026/02/25-0048-Summer-Camp-Flyer-v4.pdf,ndacademy.org,likely_official,recommend_replace,0,0,,manual_review_needed,,,,,0
atlanta-families,2026-02-20,Nike Sports Camps/US Sports Camps,Sports Camps in Metro Atlanta,day,"Over 140 camps help kids stay active, build friendships, and have fun. Athletes gain elite instruction from some of America’s top coaches",https://www.atlantaparent.com/directory/52488/nike-sports-camps-us-sports-camps/,Atlanta Parent,https://thebestcamps.com/best-camps-profiles/US-SportsNike-Camps-Best-Summer-Camp-2321.html,thebestcamps.com,US Sports/Nike Camps - The Best Camps .com,low,22,"tokens:2, summer+camp",2026-02-20T04:58:21.802579+00:00,low,low,replaced_same_conf,https://www.summercamps.com/camp/us-sports-camps/,www.summercamps.com,US Sports Camps | Nike Sports Camp - Summer Camps 2026,22,"tokens:2, summer+camp",2026-02-20T05:09:23.467717+00:00,"""Nike Sports Camps/US Sports Camps"" ""summer camp"" atlanta",2026-02-20T05:10:55.304783+00:00,US Sports Camps - Nike Sports Camps,https://www.ussportscamps.com/,www.ussportscamps.com,unknown,US Sports Camps | Nike Sports Camp - Summer Camps 2026,https://www.summercamps.com/camp/us-sports-camps/,www.summercamps.com,unknown,Nike Sports Camp. Nike.com,https://www.nike.com/kids/nike-sports-camp,www.nike.com,unknown,,,,,manual_review_needed,2,2,2,manual_review_needed,,,,,0
atlanta-families,2026-02-20,RCX Sports Foundation,Sports Camps in Metro Atlanta,day,"Learn the fundamentals or enhance skills before moving on to tackle football in a non-contact, recreational, co-ed format for ages 4-14",https://www.atlantaparent.com/directory/69581/rcx-sports-llc/,Atlanta Parent,,,2026 Atlanta Summer Camps | Find the Best Summer Camps in Atlanta,none,16,"summer+camp, metro-geo",2026-02-20T04:58:24.936711+00:00,none,none,unchanged,,,2026 Atlanta Summer Camps | Find the Best Summer Camps in Atlanta,15,"summer+camp, metro",2026-02-20T05:09:24.712263+00:00,"""RCX Sports Foundation"" ""summer camp"" atlanta",2026-02-20T05:10:58.878373+00:00,Atlanta Youth Sports Programs | The Best Youth Sports ...,https://www.atlantakidsguide.com/Sports_Programs.php,www.atlantakidsguide.com,unknown,2026 Atlanta Summer Camps | Find the Best Summer Camps in Atlanta,https://www.atlantakidsguide.com/Summer_Camps.php,www.atlantakidsguide.com,unknown,Junior Summer Camps - Mouratoglou Tennis Center Atlanta,https://www.mouratoglou.com/en/international/atlanta/summer-camps-2026/,www.mouratoglou.com,unknown,,,,,manual_review_needed,1,0,0,manual_review_needed,,,,,0
atlanta-families,2026-02-20,Georgia Tech Summer PEAKS Programs,Science & STEM Camps in Metro Atlanta,day,"STEAM-focused programs increase knowledge through experiential activities that emphasize critical thinking, problem-solving, creativity, and innovation",https://www.atlantaparent.com/directory/56521/georgia-tech-ceismc-summer-peaks-programs/,Atlanta Parent,https://mommypoppins.com/atlanta-kids/directory/camps/summer-peaks-at-georgia-tech,mommypoppins.com,Summer P.E.A.K.S. at Georgia Tech - Mommy Poppins,low,28,"tokens:2, summer+camp, metro-geo",2026-02-20T04:58:30.470550+00:00,low,low,unchanged,https://mommypoppins.com/atlanta-kids/directory/camps/summer-peaks-at-georgia-tech,mommypoppins.com,Summer P.E.A.K.S. at Georgia Tech - Mommy Poppins,27,"tokens:2, summer+camp, metro, trusted-aggregator",2026-02-20T05:09:25.842180+00:00,"""Georgia Tech Summer PEAKS Programs"" ""summer camp"" atlanta",2026-02-20T05:11:01.738684+00:00,High School Sessions | Expanded Learning Programs at CEISMC,https://expandedlearning.ceismc.gatech.edu/summer-programs/sessions/high-school,expandedlearning.ceismc.gatech.edu,likely_official,Georgia Tech - CEISMC - Center for Education Integrating ...,https://ceismc.gatech.edu/staffnews/summer-peaks,ceismc.gatech.edu,likely_official,Georgia Tech summer programs | Gifted Atlanta,https://giftedatlanta.com/2025/02/24/georgia-tech-summer-programs/,giftedatlanta.com,unknown,High School Sessions | Expanded Learning Programs at CEISMC,https://expandedlearning.ceismc.gatech.edu/summer-programs/sessions/high-school,expandedlearning.ceismc.gatech.edu,likely_official,recommend_replace,0,2,1,recommend_replace,Georgia Tech - CEISMC - Center for Education Integrating ...,https://ceismc.gatech.edu/staffnews/summer-peaks,ceismc.gatech.edu,likely_official,2
atlanta-families,2026-02-20,iD Tech Summer Camps,Science & STEM Camps in Metro Atlanta,day,"Camps for ages 7-17 are built around each camper’s interests, skill level and goals, and include coding, game dev, robotics and more",https://www.atlantaparent.com/directory/9432/idtech/,Atlanta Parent,https://www.idtech.com/locations/georgia-summer-camps/georgia-tech,www.idtech.com,"Georgia Tech Summer Camps 2026 | Coding, Robotics, STEM Programs",low,22,"tokens:1, summer+camp, metro-geo",2026-02-20T04:58:31.506830+00:00,low,none,downgraded,,,"Georgia Tech Summer Camps 2026 | Coding, Robotics, STEM Programs",21,"tokens:1, summer+camp, metro",2026-02-20T05:09:26.876677+00:00,"""iD Tech Summer Camps"" ""summer camp"" atlanta",2026-02-20T05:11:03.934805+00:00,"Georgia Tech Summer Camps 2026 | Coding, Robotics, STEM Programs",https://www.idtech.com/locations/georgia-summer-camps/georgia-tech,www.idtech.com,unknown,iD Tech Summer Programs - Atlanta | Mommy Poppins,https://mommypoppins.com/atlanta-kids/directory/camps/id-tech-summer-programs-atlanta,mommypoppins.com,trusted_aggregator,Summer Camp,https://www.summercamp.com/camp/1531/iD-Tech-Summer-Computer-Camps---Georgia-Summer-Camp,www.summercamp.com,unknown,iD Tech Summer Programs - Atlanta | Mommy Poppins,https://mommypoppins.com/atlanta-kids/directory/camps/id-tech-summer-programs-atlanta,mommypoppins.com,trusted_aggregator,recommend_fallback,1,1,1,recommend_fallback,iD Tech Summer Programs - Atlanta | Mommy Poppins,https://mommypoppins.com/atlanta-kids/directory/camps/id-tech-summer-programs-atlanta,mommypoppins.com,trusted_aggregator,1
atlanta-families,2026-02-20,Bucks Sport and Circus Barn,Theme and Specialty Camps in Metro Atlanta,day,"Creative Circus Camp, American Ninja Warriors Camp and Arts and Crafts Camp for ages 5-12",https://www.atlantaparent.com/directory/56979/bucks-sport-and-circus-barn-2/,Atlanta Parent,,,Buck's Sport Barn,none,12,tokens:2,2026-02-20T04:58:36.109361+00:00,none,none,unchanged,,,Buck's Sport Barn,20,tokens:3,2026-02-20T05:09:28.087251+00:00,"""Bucks Sport and Circus Barn"" ""summer camp"" atlanta",2026-02-20T05:11:04.911404+00:00,Buck's Sport Barn,https://www.buckssportbarn.com/,www.buckssportbarn.com,unknown,,,,,,,,,,,,,manual_review_needed,2,,,manual_review_needed,,,,,0
atlanta-families,2026-02-20,Kid Chess Summer Camp,Theme and Specialty Camps in Metro Atlanta,day,"Improve chess skills and challenge top-rated, kid-friendly coaches. Ages 5-12",https://www.atlantaparent.com/directory/16865/kid-chess-2/,Atlanta Parent,,,"Seasonal Camps - Kid Chess® Atlanta, Chess for Kids",none,17,"tokens:1, camp, metro-geo",2026-02-20T04:58:38.605931+00:00,none,none,unchanged,,,"Seasonal Camps - Kid Chess® Atlanta, Chess for Kids",16,"tokens:1, camp, metro",2026-02-20T05:09:29.207704+00:00,"""Kid Chess Summer Camp"" ""summer camp"" atlanta",2026-02-20T05:11:06.005140+00:00,"Seasonal Camps - Kid Chess® Atlanta, Chess for Kids",https://www.kidchess.com/our-programs/seasonal-camps/,www.kidchess.com,unknown,Kid Chess Camp | School Break & Summer Camps - FunClubs,https://www.funclubs.com/camps/kid-chess-camp,www.funclubs.com,unknown,Chess for Kids of All Ages | Atlanta | The Knight School,https://www.theknightschool.com/atlanta-chess,www.theknightschool.com,likely_official,Chess for Kids of All Ages | Atlanta | The Knight School,https://www.theknightschool.com/atlanta-chess,www.theknightschool.com,likely_official,recommend_replace,1,1,1,recommend_replace,Chess for Kids of All Ages | Atlanta | The Knight School,https://www.theknightschool.com/atlanta-chess,www.theknightschool.com,likely_official,1
atlanta-families,2026-02-20,Peace and Justice Camp,Theme and Specialty Camps in Metro Atlanta,day,"Campers ages 5-12 explore the stories of social justice through art, music, storytelling and play and learn to make an impact",https://www.atlantaparent.com/directory/69228/peace-and-justice-camp/,Atlanta Parent,,,History Summer Camp | Atlanta History Center,none,16,"summer+camp, metro-geo",2026-02-20T04:58:39.637255+00:00,none,none,unchanged,,,History Summer Camp | Atlanta History Center,15,"summer+camp, metro",2026-02-20T05:09:30.130490+00:00,"""Peace and Justice Camp"" ""summer camp"" atlanta",2026-02-20T05:11:07.143126+00:00,History Summer Camp | Atlanta History Center,https://www.atlantahistorycenter.com/history-summer-camp/,www.atlantahistorycenter.com,unknown,Summer Camps in Georgia: 53+ Best Spots for Summer Fun (2025),https://365atlantatraveler.com/best-summer-camps-in-ga/,365atlantatraveler.com,unknown,Junior Summer Camps - Mouratoglou Tennis Center Atlanta,https://www.mouratoglou.com/en/international/atlanta/summer-camps-2026/,www.mouratoglou.com,unknown,,,,,manual_review_needed,0,0,0,manual_review_needed,,,,,0
atlanta-families,2026-02-20,Root and Blossom Counseling Camp,Theme and Specialty Camps in Metro Atlanta,day,"Camps for ages 5-14 blend fun with personal growth, promoting self-exploration and emotional awareness in a welcoming setting",https://www.atlantaparent.com/directory/69152/root-and-blossom-counseling-summer-grow-camps/,Atlanta Parent,https://www.prweb.com/releases/east-atlanta-kids-club-and-root--blossom-counseling-announce-partnership-to-provide-no-cost-counseling-services-to-youth-placed-at-risk-302132000.html,www.prweb.com,East Atlanta Kids Club and Root & Blossom Counseling ... - PRWeb,low,26,"tokens:3, metro-geo",2026-02-20T04:58:40.727596+00:00,low,low,unchanged,https://www.prweb.com/releases/east-atlanta-kids-club-and-root--blossom-counseling-announce-partnership-to-provide-no-cost-counseling-services-to-youth-placed-at-risk-302132000.html,www.prweb.com,East Atlanta Kids Club and Root & Blossom Counseling ... - PRWeb,25,"tokens:3, metro",2026-02-20T05:09:30.946392+00:00,"""Root and Blossom Counseling Camp"" ""summer camp"" atlanta",2026-02-20T05:11:08.195419+00:00,"Root & Blossom Counseling: Child, Teen & Young Adult Mental ...",https://www.rootandblossomcounseling.com/,www.rootandblossomcounseling.com,unknown,East Atlanta Kids Club and Root & Blossom Counseling ... - PRWeb,https://www.prweb.com/releases/east-atlanta-kids-club-and-root--blossom-counseling-announce-partnership-to-provide-no-cost-counseling-services-to-youth-placed-at-risk-302132000.html,www.prweb.com,unknown,2025 Atlanta Summer Camp Guide,https://atlantamom.com/in-around-atlanta/summer-camp-georgia-atlanta/,atlantamom.com,unknown,,,,,manual_review_needed,3,3,0,manual_review_needed,,,,,0
