checked_at,listing_url,source_domain,reachable,http_status,final_url,page_title,registration_status,registration_evidence,location_verification,location_city,location_exact,location_source,location_evidence,fetch_error
2026-02-20T04:13:25.386265+00:00,https://atlantabg.org/classes-education/garden-camps/,atlantabg.org,true,200,https://atlantabg.org/classes-education/garden-camps/,Atlanta Botanical Garden | Garden Camps,sold_out,place where creativity grows wild. Ages 5 – 7: June 1 – 5 (SOLD OUT) Ages 7 – 10: June 8 – 12 Time : 9 a.m. – 4 p.m. Fee : $375,exact,Atlanta,"1345 Piedmont Avenue, Atlanta, GA 30309 404-876-5859 Jan. 12 - March 8 Tuesday - Sunday 9 a.m. - 5 p",page_address,"1345 Piedmont Avenue, Atlanta, GA 30309 404-876-5859 Jan. 12 - March 8 Tuesday - Sunday 9 a.m. - 5 p",
2026-02-20T04:13:25.386265+00:00,https://callanwolde.org/camps/,callanwolde.org,true,200,https://callanwolde.org/classes/camps/,Camps - Spend the Summer at Callanwolde - Callanwolde,open,"rt planning your summer now; registration is now open. 2026 Registration Now Open! For any questions or comments, please reach out to camps@c",exact,,12 Callanwolde Creative Camp is a fun way for aspiring artists rising first through seventh graders to spend the summer.,page_address,12 Callanwolde Creative Camp is a fun way for aspiring artists rising first through seventh graders to spend the summer.,
2026-02-20T04:13:25.386265+00:00,https://dunwoodynature.org/education/island-ford-2026/,dunwoodynature.org,true,200,https://dunwoodynature.org/education/island-ford-2026/,Island Ford Summer Camp | Dunwoody Nature Center | Atlanta,waitlist_only,"first and then pick up the Island Ford child. How does the waitlist work? When a spot becomes available, we will notify all per",exact,,8850 Roberts Drive in Sandy Springs. We have partnered with Island Ford for over 10 years in offer,page_address,8850 Roberts Drive in Sandy Springs. We have partnered with Island Ford for over 10 years in offer,
2026-02-20T04:13:25.386265+00:00,https://dunwoodynature.org/education/summer-camp/,dunwoodynature.org,true,200,https://dunwoodynature.org/education/summer-camp/,Dunwoody Summer Camp | Summer Camps with Dunwoody Nature Center,waitlist_only,"and Ford. The day runs from 9:00 AM – 4:00 PM. How does the waitlist work? When a spot becomes available, we will notify all per",exact,Dunwoody,"5343 Roberts Dr. Dunwoody, GA 30338 Send mail and checks to: P.O. Box 88070 Dunwoody, GA 30356",page_address,"5343 Roberts Dr. Dunwoody, GA 30338 Send mail and checks to: P.O. Box 88070 Dunwoody, GA 30356",
2026-02-20T04:13:25.386265+00:00,https://fssoccercamps.com/,fssoccercamps.com,true,200,https://fssoccercamps.com/,Future Stars Soccer Academy: Atlanta's Best Soccer Camp,open,Stars Soccer Academy: Atlanta's Best Soccer Camp Camp Info Register FAQs FAQs Our Story Contact Select Page REGISTER FOR 2026 N,city_level,Atlanta,,page_city,Future Stars Soccer Academy: Atlanta's Best Soccer Camp Camp Info Register FAQs FAQs Our Story Contact Select Page REGI,
2026-02-20T04:13:25.386265+00:00,https://littleshopofstories.com/summer-camp-2026,littleshopofstories.com,true,200,https://littleshopofstories.com/summer-camp-2026,Summer Camp 2026 | Little Shop of Stories -- Books and more for kids and the grownups they become!,sold_out,nology Camp July 27 - July 31 rising 3rd - 5th graders Camp sold out? Join the waitlist here! Join our newsletter First Name (re,city_level,Decatur,,page_city,"nding time inside the bookstore as well as out and about in Decatur. Campers bring their own lunch, snacks, water bottles, and sunscreen every day. Al",
2026-02-20T04:13:25.386265+00:00,https://thestudiosbrookhaven.com/camps/,thestudiosbrookhaven.com,true,200,https://thestudiosbrookhaven.com/camps/,Camps - The Studios Brookhaven,sold_out,low. KPop Minis: June 8-12 June 15-19 June 22-26 July 20-24 Sold out – waitlist only Wicked: For Good Camp July 13-17 The Big Tr,exact,Brookhaven,"1816 Briarwood Industrial Court Northeast, Suite F, Brookhaven, GA 30329 Phone: 678-224-1810 Email: info@thestu",page_address,"1816 Briarwood Industrial Court Northeast, Suite F, Brookhaven, GA 30329 Phone: 678-224-1810 Email: info@thestu",
2026-02-20T04:13:25.386265+00:00,https://www.activekids.com/atlanta-ga/camp/dekalb-county-georgia-campsuperstars-2026-at-n-h-scott-rec-center-2026,www.activekids.com,false,404,https://www.activekids.com/atlanta-ga/camp/dekalb-county-georgia-campsuperstars-2026-at-n-h-scott-rec-center-2026,,unknown,,none,,,none,,HTTP 404
2026-02-20T04:13:25.386265+00:00,https://www.activekids.com/atlanta-ga/camp/dekalb-county-georgia-campsuperstars-2026-at-tobie-grant-rec-center-2026,www.activekids.com,false,404,https://www.activekids.com/atlanta-ga/camp/dekalb-county-georgia-campsuperstars-2026-at-tobie-grant-rec-center-2026,,unknown,,none,,,none,,HTTP 404
2026-02-20T04:13:25.386265+00:00,https://www.activekids.com/atlanta-ga/summer-camp/camp-best-friends-cbf-2026-for-ages-5-12-at-bessie-branham-rec-center-2026,www.activekids.com,false,404,https://www.activekids.com/atlanta-ga/summer-camp/camp-best-friends-cbf-2026-for-ages-5-12-at-bessie-branham-rec-center-2026,,unknown,,none,,,none,,HTTP 404
2026-02-20T04:13:25.386265+00:00,https://www.activekids.com/atlanta-ga/summer-camp/camp-best-friends-cbf-2026-for-ages-5-12-at-c-t-martin-natatorium-and-rec-center-2026,www.activekids.com,false,404,https://www.activekids.com/atlanta-ga/summer-camp/camp-best-friends-cbf-2026-for-ages-5-12-at-c-t-martin-natatorium-and-rec-center-2026,,unknown,,none,,,none,,HTTP 404
2026-02-20T04:13:25.386265+00:00,https://www.activekids.com/atlanta-ga/summer-camp/camp-best-friends-cbf-2026-for-ages-5-12-at-harper-archer-rec-center-2026,www.activekids.com,false,404,https://www.activekids.com/atlanta-ga/summer-camp/camp-best-friends-cbf-2026-for-ages-5-12-at-harper-archer-rec-center-2026,,unknown,,none,,,none,,HTTP 404
2026-02-20T04:13:25.386265+00:00,https://www.activekids.com/atlanta-ga/summer-camp/camp-best-friends-cbf-2026-for-ages-5-12-at-perkerson-rec-center-2026,www.activekids.com,false,404,https://www.activekids.com/atlanta-ga/summer-camp/camp-best-friends-cbf-2026-for-ages-5-12-at-perkerson-rec-center-2026,,unknown,,none,,,none,,HTTP 404
2026-02-20T04:13:25.386265+00:00,https://www.activekids.com/atlanta-ga/summer-camp/camp-best-friends-cbf-2026-for-ages-5-12-at-rosel-fann-rec-center-2026,www.activekids.com,false,404,https://www.activekids.com/atlanta-ga/summer-camp/camp-best-friends-cbf-2026-for-ages-5-12-at-rosel-fann-rec-center-2026,,unknown,,none,,,none,,HTTP 404
2026-02-20T04:13:25.386265+00:00,https://www.atlantaparent.com/directory/15733/girl-scouts-greater-atlanta-girl-resident-camps?p=15733,www.atlantaparent.com,false,,,,unknown,,none,,,none,,"HTTPSConnectionPool(host='www.atlantaparent.com', port=443): Max retries exceeded with url: /directory/15733/girl-scouts-greater-atlanta-girl-resident-camps?p=15733 (Caused by NewConnectionError(""HTTPSConnection(host='www.atlantaparent.com'"
2026-02-20T04:13:25.386265+00:00,https://www.atlantaparent.com/directory/15947/wealthy-habits-financial-literacy-programs/,www.atlantaparent.com,false,,,,unknown,,none,,,none,,"HTTPSConnectionPool(host='www.atlantaparent.com', port=443): Max retries exceeded with url: /directory/15947/wealthy-habits-financial-literacy-programs/ (Caused by NewConnectionError(""HTTPSConnection(host='www.atlantaparent.com', port=443):"
2026-02-20T04:13:25.386265+00:00,https://www.atlantaparent.com/directory/15959/swift-school-2/,www.atlantaparent.com,false,,,,unknown,,none,,,none,,"HTTPSConnectionPool(host='www.atlantaparent.com', port=443): Max retries exceeded with url: /directory/15959/swift-school-2/ (Caused by NewConnectionError(""HTTPSConnection(host='www.atlantaparent.com', port=443): Failed to establish a new c"
2026-02-20T04:13:25.386265+00:00,https://www.atlantaparent.com/directory/15971/art-barn-summer-camps/,www.atlantaparent.com,false,,,,unknown,,none,,,none,,"HTTPSConnectionPool(host='www.atlantaparent.com', port=443): Max retries exceeded with url: /directory/15971/art-barn-summer-camps/ (Caused by NewConnectionError(""HTTPSConnection(host='www.atlantaparent.com', port=443): Failed to establish "
2026-02-20T04:13:25.386265+00:00,https://www.atlantaparent.com/directory/15990/high-museum-art-2/,www.atlantaparent.com,false,,,,unknown,,none,,,none,,"HTTPSConnectionPool(host='www.atlantaparent.com', port=443): Max retries exceeded with url: /directory/15990/high-museum-art-2/ (Caused by NewConnectionError(""HTTPSConnection(host='www.atlantaparent.com', port=443): Failed to establish a ne"
2026-02-20T04:13:25.386265+00:00,https://www.atlantaparent.com/directory/15995/vinings-school-art-3?p=15995,www.atlantaparent.com,false,,,,unknown,,none,,,none,,"HTTPSConnectionPool(host='www.atlantaparent.com', port=443): Max retries exceeded with url: /directory/15995/vinings-school-art-3?p=15995 (Caused by NewConnectionError(""HTTPSConnection(host='www.atlantaparent.com', port=443): Failed to esta"
2026-02-20T04:13:25.386265+00:00,https://www.atlantaparent.com/directory/15998/zone-light-studios?p=15998,www.atlantaparent.com,false,,,,unknown,,none,,,none,,"HTTPSConnectionPool(host='www.atlantaparent.com', port=443): Max retries exceeded with url: /directory/15998/zone-light-studios?p=15998 (Caused by NewConnectionError(""HTTPSConnection(host='www.atlantaparent.com', port=443): Failed to establ"
2026-02-20T04:13:25.386265+00:00,https://www.atlantaparent.com/directory/16012/atlanta-ballet-centre-dance-education-2/,www.atlantaparent.com,false,,,,unknown,,none,,,none,,"HTTPSConnectionPool(host='www.atlantaparent.com', port=443): Max retries exceeded with url: /directory/16012/atlanta-ballet-centre-dance-education-2/ (Caused by NewConnectionError(""HTTPSConnection(host='www.atlantaparent.com', port=443): Fa"
2026-02-20T04:13:25.386265+00:00,https://www.atlantaparent.com/directory/16017/community-music-centers-atlanta/,www.atlantaparent.com,false,,,,unknown,,none,,,none,,"HTTPSConnectionPool(host='www.atlantaparent.com', port=443): Max retries exceeded with url: /directory/16017/community-music-centers-atlanta/ (Caused by NewConnectionError(""HTTPSConnection(host='www.atlantaparent.com', port=443): Failed to "
2026-02-20T04:13:25.386265+00:00,https://www.atlantaparent.com/directory/16047/alliance-theatre-summer-day-camps?p=16047,www.atlantaparent.com,false,,,,unknown,,none,,,none,,"HTTPSConnectionPool(host='www.atlantaparent.com', port=443): Max retries exceeded with url: /directory/16047/alliance-theatre-summer-day-camps?p=16047 (Caused by NewConnectionError(""HTTPSConnection(host='www.atlantaparent.com', port=443): F"
2026-02-20T04:13:25.386265+00:00,https://www.atlantaparent.com/directory/16053/forefront-arts-performance-camp/,www.atlantaparent.com,false,,,,unknown,,none,,,none,,"HTTPSConnectionPool(host='www.atlantaparent.com', port=443): Max retries exceeded with url: /directory/16053/forefront-arts-performance-camp/ (Caused by NewConnectionError(""HTTPSConnection(host='www.atlantaparent.com', port=443): Failed to "
2026-02-20T04:13:25.386265+00:00,https://www.atlantaparent.com/directory/16233/atlanta-montessori-international-school-2/,www.atlantaparent.com,false,,,,unknown,,none,,,none,,"HTTPSConnectionPool(host='www.atlantaparent.com', port=443): Max retries exceeded with url: /directory/16233/atlanta-montessori-international-school-2/ (Caused by NewConnectionError(""HTTPSConnection(host='www.atlantaparent.com', port=443): "
2026-02-20T04:13:25.386265+00:00,https://www.atlantaparent.com/directory/16268/galloway-summer-experiences?p=16268,www.atlantaparent.com,false,,,,unknown,,none,,,none,,"HTTPSConnectionPool(host='www.atlantaparent.com', port=443): Max retries exceeded with url: /directory/16268/galloway-summer-experiences?p=16268 (Caused by NewConnectionError(""HTTPSConnection(host='www.atlantaparent.com', port=443): Failed "
2026-02-20T04:13:25.386265+00:00,https://www.atlantaparent.com/directory/16269/girl-scout-day-camps?p=16269,www.atlantaparent.com,false,,,,unknown,,none,,,none,,"HTTPSConnectionPool(host='www.atlantaparent.com', port=443): Max retries exceeded with url: /directory/16269/girl-scout-day-camps?p=16269 (Caused by NewConnectionError(""HTTPSConnection(host='www.atlantaparent.com', port=443): Failed to esta"
2026-02-20T04:13:25.386265+00:00,https://www.atlantaparent.com/directory/16272/high-meadows-summer-day-camp?p=16272,www.atlantaparent.com,false,,,,unknown,,none,,,none,,"HTTPSConnectionPool(host='www.atlantaparent.com', port=443): Max retries exceeded with url: /directory/16272/high-meadows-summer-day-camp?p=16272 (Caused by NewConnectionError(""HTTPSConnection(host='www.atlantaparent.com', port=443): Failed"
2026-02-20T04:13:25.386265+00:00,https://www.atlantaparent.com/directory/16284/lovett-summer-programs/,www.atlantaparent.com,false,,,,unknown,,none,,,none,,"HTTPSConnectionPool(host='www.atlantaparent.com', port=443): Max retries exceeded with url: /directory/16284/lovett-summer-programs/ (Caused by NewConnectionError(""HTTPSConnection(host='www.atlantaparent.com', port=443): Failed to establish"
2026-02-20T04:13:25.386265+00:00,https://www.atlantaparent.com/directory/16287/marcus-jewish-community-center-atlanta-mjcca-summer-day-camps/,www.atlantaparent.com,false,,,,unknown,,none,,,none,,"HTTPSConnectionPool(host='www.atlantaparent.com', port=443): Max retries exceeded with url: /directory/16287/marcus-jewish-community-center-atlanta-mjcca-summer-day-camps/ (Caused by NewConnectionError(""HTTPSConnection(host='www.atlantapare"
2026-02-20T04:13:25.386265+00:00,https://www.atlantaparent.com/directory/16287/marcus-jewish-community-center-atlanta-mjcca-summer-day-camps?p=16287,www.atlantaparent.com,false,,,,unknown,,none,,,none,,"HTTPSConnectionPool(host='www.atlantaparent.com', port=443): Max retries exceeded with url: /directory/16287/marcus-jewish-community-center-atlanta-mjcca-summer-day-camps?p=16287 (Caused by NewConnectionError(""HTTPSConnection(host='www.atla"
2026-02-20T04:13:25.386265+00:00,https://www.atlantaparent.com/directory/16288/mcginnis-woods-country-day-school-sunsational-summer?p=16288,www.atlantaparent.com,false,,,,unknown,,none,,,none,,"HTTPSConnectionPool(host='www.atlantaparent.com', port=443): Max retries exceeded with url: /directory/16288/mcginnis-woods-country-day-school-sunsational-summer?p=16288 (Caused by NewConnectionError(""HTTPSConnection(host='www.atlantaparent"
2026-02-20T04:13:25.386265+00:00,https://www.atlantaparent.com/directory/16292/montessori-academy-sharon-springs-2/,www.atlantaparent.com,false,,,,unknown,,none,,,none,,"HTTPSConnectionPool(host='www.atlantaparent.com', port=443): Max retries exceeded with url: /directory/16292/montessori-academy-sharon-springs-2/ (Caused by NewConnectionError(""HTTPSConnection(host='www.atlantaparent.com', port=443): Failed"
2026-02-20T04:13:25.386265+00:00,https://www.atlantaparent.com/directory/16293/montessori-at-vickery/,www.atlantaparent.com,false,,,,unknown,,none,,,none,,"HTTPSConnectionPool(host='www.atlantaparent.com', port=443): Max retries exceeded with url: /directory/16293/montessori-at-vickery/ (Caused by NewConnectionError(""HTTPSConnection(host='www.atlantaparent.com', port=443): Failed to establish "
2026-02-20T04:13:25.386265+00:00,https://www.atlantaparent.com/directory/16300/pace-academy-summer-programs/,www.atlantaparent.com,false,,,,unknown,,none,,,none,,"HTTPSConnectionPool(host='www.atlantaparent.com', port=443): Max retries exceeded with url: /directory/16300/pace-academy-summer-programs/ (Caused by NewConnectionError(""HTTPSConnection(host='www.atlantaparent.com', port=443): Failed to est"
2026-02-20T04:13:25.386265+00:00,https://www.atlantaparent.com/directory/16300/pace-academy-summer-programs?p=16300,www.atlantaparent.com,false,,,,unknown,,none,,,none,,"HTTPSConnectionPool(host='www.atlantaparent.com', port=443): Max retries exceeded with url: /directory/16300/pace-academy-summer-programs?p=16300 (Caused by NewConnectionError(""HTTPSConnection(host='www.atlantaparent.com', port=443): Failed"
2026-02-20T04:13:25.386265+00:00,https://www.atlantaparent.com/directory/16301/paideia-school-summer-camp/,www.atlantaparent.com,false,,,,unknown,,none,,,none,,"HTTPSConnectionPool(host='www.atlantaparent.com', port=443): Max retries exceeded with url: /directory/16301/paideia-school-summer-camp/ (Caused by NewConnectionError(""HTTPSConnection(host='www.atlantaparent.com', port=443): Failed to estab"
2026-02-20T04:13:25.386265+00:00,https://www.atlantaparent.com/directory/16318/sunshine-houses-summer-challenge/,www.atlantaparent.com,false,,,,unknown,,none,,,none,,"HTTPSConnectionPool(host='www.atlantaparent.com', port=443): Max retries exceeded with url: /directory/16318/sunshine-houses-summer-challenge/ (Caused by NewConnectionError(""HTTPSConnection(host='www.atlantaparent.com', port=443): Failed to"
2026-02-20T04:13:25.386265+00:00,https://www.atlantaparent.com/directory/16322/waldorf-school-atlanta-summer-camps/,www.atlantaparent.com,false,,,,unknown,,none,,,none,,"HTTPSConnectionPool(host='www.atlantaparent.com', port=443): Max retries exceeded with url: /directory/16322/waldorf-school-atlanta-summer-camps/ (Caused by NewConnectionError(""HTTPSConnection(host='www.atlantaparent.com', port=443): Failed"
2026-02-20T04:13:25.386265+00:00,https://www.atlantaparent.com/directory/16323/walker-school-summer-programs/,www.atlantaparent.com,false,,,,unknown,,none,,,none,,"HTTPSConnectionPool(host='www.atlantaparent.com', port=443): Max retries exceeded with url: /directory/16323/walker-school-summer-programs/ (Caused by NewConnectionError(""HTTPSConnection(host='www.atlantaparent.com', port=443): Failed to es"
2026-02-20T04:13:25.386265+00:00,https://www.atlantaparent.com/directory/16324/westminster-schools-summer-programs/,www.atlantaparent.com,false,,,,unknown,,none,,,none,,"HTTPSConnectionPool(host='www.atlantaparent.com', port=443): Max retries exceeded with url: /directory/16324/westminster-schools-summer-programs/ (Caused by NewConnectionError(""HTTPSConnection(host='www.atlantaparent.com', port=443): Failed"
2026-02-20T04:13:25.386265+00:00,https://www.atlantaparent.com/directory/16327/woodward-academy-2/,www.atlantaparent.com,false,,,,unknown,,none,,,none,,"HTTPSConnectionPool(host='www.atlantaparent.com', port=443): Max retries exceeded with url: /directory/16327/woodward-academy-2/ (Caused by NewConnectionError(""HTTPSConnection(host='www.atlantaparent.com', port=443): Failed to establish a n"
2026-02-20T04:13:25.386265+00:00,https://www.atlantaparent.com/directory/16329/atlanta-history-center-summer-camps/,www.atlantaparent.com,false,,,,unknown,,none,,,none,,"HTTPSConnectionPool(host='www.atlantaparent.com', port=443): Max retries exceeded with url: /directory/16329/atlanta-history-center-summer-camps/ (Caused by NewConnectionError(""HTTPSConnection(host='www.atlantaparent.com', port=443): Failed"
2026-02-20T04:13:25.386265+00:00,https://www.atlantaparent.com/directory/16355/camp-kingfisher?p=16355,www.atlantaparent.com,false,,,,unknown,,none,,,none,,"HTTPSConnectionPool(host='www.atlantaparent.com', port=443): Max retries exceeded with url: /directory/16355/camp-kingfisher?p=16355 (Caused by NewConnectionError(""HTTPSConnection(host='www.atlantaparent.com', port=443): Failed to establish"
2026-02-20T04:13:25.386265+00:00,https://www.atlantaparent.com/directory/16390/sandy-springs-recreation-parks/,www.atlantaparent.com,false,,,,unknown,,none,,,none,,"HTTPSConnectionPool(host='www.atlantaparent.com', port=443): Max retries exceeded with url: /directory/16390/sandy-springs-recreation-parks/ (Caused by NewConnectionError(""HTTPSConnection(host='www.atlantaparent.com', port=443): Failed to e"
2026-02-20T04:13:25.386265+00:00,https://www.atlantaparent.com/directory/16395/builder-bunch-summer-camp/,www.atlantaparent.com,false,,,,unknown,,none,,,none,,"HTTPSConnectionPool(host='www.atlantaparent.com', port=443): Max retries exceeded with url: /directory/16395/builder-bunch-summer-camp/ (Caused by NewConnectionError(""HTTPSConnection(host='www.atlantaparent.com', port=443): Failed to establ"
2026-02-20T04:13:25.386265+00:00,https://www.atlantaparent.com/directory/16396/camp-invention/,www.atlantaparent.com,false,,,,unknown,,none,,,none,,"HTTPSConnectionPool(host='www.atlantaparent.com', port=443): Max retries exceeded with url: /directory/16396/camp-invention/ (Caused by NewConnectionError(""HTTPSConnection(host='www.atlantaparent.com', port=443): Failed to establish a new c"
2026-02-20T04:13:25.386265+00:00,https://www.atlantaparent.com/directory/16398/club-scikidz-2/,www.atlantaparent.com,false,,,,unknown,,none,,,none,,"HTTPSConnectionPool(host='www.atlantaparent.com', port=443): Max retries exceeded with url: /directory/16398/club-scikidz-2/ (Caused by NewConnectionError(""HTTPSConnection(host='www.atlantaparent.com', port=443): Failed to establish a new c"
2026-02-20T04:13:25.386265+00:00,https://www.atlantaparent.com/directory/16425/bedford-school-squirrel-hollow-camp/,www.atlantaparent.com,false,,,,unknown,,none,,,none,,"HTTPSConnectionPool(host='www.atlantaparent.com', port=443): Max retries exceeded with url: /directory/16425/bedford-school-squirrel-hollow-camp/ (Caused by NewConnectionError(""HTTPSConnection(host='www.atlantaparent.com', port=443): Failed"
2026-02-20T04:13:25.386265+00:00,https://www.atlantaparent.com/directory/16506/marist-school-2/,www.atlantaparent.com,false,,,,unknown,,none,,,none,,"HTTPSConnectionPool(host='www.atlantaparent.com', port=443): Max retries exceeded with url: /directory/16506/marist-school-2/ (Caused by NewConnectionError(""HTTPSConnection(host='www.atlantaparent.com', port=443): Failed to establish a new "
2026-02-20T04:13:25.386265+00:00,https://www.atlantaparent.com/directory/16535/spruill-center-arts-2?p=16535,www.atlantaparent.com,false,,,,unknown,,none,,,none,,"HTTPSConnectionPool(host='www.atlantaparent.com', port=443): Max retries exceeded with url: /directory/16535/spruill-center-arts-2?p=16535 (Caused by NewConnectionError(""HTTPSConnection(host='www.atlantaparent.com', port=443): Failed to est"
2026-02-20T04:13:25.386265+00:00,https://www.atlantaparent.com/directory/16546/trinity-school-summer-camp/,www.atlantaparent.com,false,,,,unknown,,none,,,none,,"HTTPSConnectionPool(host='www.atlantaparent.com', port=443): Max retries exceeded with url: /directory/16546/trinity-school-summer-camp/ (Caused by NewConnectionError(""HTTPSConnection(host='www.atlantaparent.com', port=443): Failed to estab"
2026-02-20T04:13:25.386265+00:00,https://www.atlantaparent.com/directory/16597/frazer-center-summer-camps/,www.atlantaparent.com,false,,,,unknown,,none,,,none,,"HTTPSConnectionPool(host='www.atlantaparent.com', port=443): Max retries exceeded with url: /directory/16597/frazer-center-summer-camps/ (Caused by NewConnectionError(""HTTPSConnection(host='www.atlantaparent.com', port=443): Failed to estab"
2026-02-20T04:13:25.386265+00:00,https://www.atlantaparent.com/directory/16641/nellya-fencers-2/,www.atlantaparent.com,false,,,,unknown,,none,,,none,,"HTTPSConnectionPool(host='www.atlantaparent.com', port=443): Max retries exceeded with url: /directory/16641/nellya-fencers-2/ (Caused by NewConnectionError(""HTTPSConnection(host='www.atlantaparent.com', port=443): Failed to establish a new"
2026-02-20T04:13:25.386265+00:00,https://www.atlantaparent.com/directory/16840/st-andrew-rowing-club-camps/,www.atlantaparent.com,false,,,,unknown,,none,,,none,,"HTTPSConnectionPool(host='www.atlantaparent.com', port=443): Max retries exceeded with url: /directory/16840/st-andrew-rowing-club-camps/ (Caused by NewConnectionError(""HTTPSConnection(host='www.atlantaparent.com', port=443): Failed to esta"
2026-02-20T04:13:25.386265+00:00,https://www.atlantaparent.com/directory/16865/kid-chess-2/,www.atlantaparent.com,false,,,,unknown,,none,,,none,,"HTTPSConnectionPool(host='www.atlantaparent.com', port=443): Max retries exceeded with url: /directory/16865/kid-chess-2/ (Caused by NewConnectionError(""HTTPSConnection(host='www.atlantaparent.com', port=443): Failed to establish a new conn"
2026-02-20T04:13:25.386265+00:00,https://www.atlantaparent.com/directory/19138/moving-in-the-spirit-2/,www.atlantaparent.com,false,,,,unknown,,none,,,none,,"HTTPSConnectionPool(host='www.atlantaparent.com', port=443): Max retries exceeded with url: /directory/19138/moving-in-the-spirit-2/ (Caused by NewConnectionError(""HTTPSConnection(host='www.atlantaparent.com', port=443): Failed to establish"
2026-02-20T04:13:25.386265+00:00,https://www.atlantaparent.com/directory/19151/dads-garage-theatre-kids-teens-summer-camp/,www.atlantaparent.com,false,,,,unknown,,none,,,none,,"HTTPSConnectionPool(host='www.atlantaparent.com', port=443): Max retries exceeded with url: /directory/19151/dads-garage-theatre-kids-teens-summer-camp/ (Caused by NewConnectionError(""HTTPSConnection(host='www.atlantaparent.com', port=443):"
2026-02-20T04:13:25.386265+00:00,https://www.atlantaparent.com/directory/19194/st-benedicts-episcopal-school-2/,www.atlantaparent.com,false,,,,unknown,,none,,,none,,"HTTPSConnectionPool(host='www.atlantaparent.com', port=443): Max retries exceeded with url: /directory/19194/st-benedicts-episcopal-school-2/ (Caused by NewConnectionError(""HTTPSConnection(host='www.atlantaparent.com', port=443): Failed to "
2026-02-20T04:13:25.386265+00:00,https://www.atlantaparent.com/directory/28898/josh-powell-camp?p=28898,www.atlantaparent.com,false,,,,unknown,,none,,,none,,"HTTPSConnectionPool(host='www.atlantaparent.com', port=443): Max retries exceeded with url: /directory/28898/josh-powell-camp?p=28898 (Caused by NewConnectionError(""HTTPSConnection(host='www.atlantaparent.com', port=443): Failed to establis"
2026-02-20T04:13:25.386265+00:00,https://www.atlantaparent.com/directory/29618/wesleyan-summer-camps/,www.atlantaparent.com,false,,,,unknown,,none,,,none,,"HTTPSConnectionPool(host='www.atlantaparent.com', port=443): Max retries exceeded with url: /directory/29618/wesleyan-summer-camps/ (Caused by NewConnectionError(""HTTPSConnection(host='www.atlantaparent.com', port=443): Failed to establish "
2026-02-20T04:13:25.386265+00:00,https://www.atlantaparent.com/directory/30881/camp-southern-ground,www.atlantaparent.com,false,,,,unknown,,none,,,none,,"HTTPSConnectionPool(host='www.atlantaparent.com', port=443): Max retries exceeded with url: /directory/30881/camp-southern-ground (Caused by NewConnectionError(""HTTPSConnection(host='www.atlantaparent.com', port=443): Failed to establish a "
2026-02-20T04:13:25.386265+00:00,https://www.atlantaparent.com/directory/31365/camp-flashback?p=31365,www.atlantaparent.com,false,,,,unknown,,none,,,none,,"HTTPSConnectionPool(host='www.atlantaparent.com', port=443): Max retries exceeded with url: /directory/31365/camp-flashback?p=31365 (Caused by NewConnectionError(""HTTPSConnection(host='www.atlantaparent.com', port=443): Failed to establish "
2026-02-20T04:13:25.386265+00:00,https://www.atlantaparent.com/directory/33376/atlanta-performance-volleyball/,www.atlantaparent.com,false,,,,unknown,,none,,,none,,"HTTPSConnectionPool(host='www.atlantaparent.com', port=443): Max retries exceeded with url: /directory/33376/atlanta-performance-volleyball/ (Caused by NewConnectionError(""HTTPSConnection(host='www.atlantaparent.com', port=443): Failed to e"
2026-02-20T04:13:25.386265+00:00,https://www.atlantaparent.com/directory/38833/steve-and-kates-camp/,www.atlantaparent.com,false,,,,unknown,,none,,,none,,"HTTPSConnectionPool(host='www.atlantaparent.com', port=443): Max retries exceeded with url: /directory/38833/steve-and-kates-camp/ (Caused by NewConnectionError(""HTTPSConnection(host='www.atlantaparent.com', port=443): Failed to establish a"
2026-02-20T04:13:25.386265+00:00,https://www.atlantaparent.com/directory/40368/buttercup-steam-camp/,www.atlantaparent.com,false,,,,unknown,,none,,,none,,"HTTPSConnectionPool(host='www.atlantaparent.com', port=443): Max retries exceeded with url: /directory/40368/buttercup-steam-camp/ (Caused by NewConnectionError(""HTTPSConnection(host='www.atlantaparent.com', port=443): Failed to establish a"
2026-02-20T04:13:25.386265+00:00,https://www.atlantaparent.com/directory/40837/critter-camp/,www.atlantaparent.com,false,,,,unknown,,none,,,none,,"HTTPSConnectionPool(host='www.atlantaparent.com', port=443): Max retries exceeded with url: /directory/40837/critter-camp/ (Caused by NewConnectionError(""HTTPSConnection(host='www.atlantaparent.com', port=443): Failed to establish a new con"
2026-02-20T04:13:25.386265+00:00,https://www.atlantaparent.com/directory/40892/landmark-christian-school-summer-camp/,www.atlantaparent.com,false,,,,unknown,,none,,,none,,"HTTPSConnectionPool(host='www.atlantaparent.com', port=443): Max retries exceeded with url: /directory/40892/landmark-christian-school-summer-camp/ (Caused by NewConnectionError(""HTTPSConnection(host='www.atlantaparent.com', port=443): Fail"
2026-02-20T04:13:25.386265+00:00,https://www.atlantaparent.com/directory/42056/the-science-of-fun/,www.atlantaparent.com,false,,,,unknown,,none,,,none,,"HTTPSConnectionPool(host='www.atlantaparent.com', port=443): Max retries exceeded with url: /directory/42056/the-science-of-fun/ (Caused by NewConnectionError(""HTTPSConnection(host='www.atlantaparent.com', port=443): Failed to establish a n"
2026-02-20T04:13:25.386265+00:00,https://www.atlantaparent.com/directory/42492/brainy-bytes/,www.atlantaparent.com,false,,,,unknown,,none,,,none,,"HTTPSConnectionPool(host='www.atlantaparent.com', port=443): Max retries exceeded with url: /directory/42492/brainy-bytes/ (Caused by NewConnectionError(""HTTPSConnection(host='www.atlantaparent.com', port=443): Failed to establish a new con"
2026-02-20T04:13:25.386265+00:00,https://www.atlantaparent.com/directory/47776/endeavor-montessori-2/,www.atlantaparent.com,false,,,,unknown,,none,,,none,,"HTTPSConnectionPool(host='www.atlantaparent.com', port=443): Max retries exceeded with url: /directory/47776/endeavor-montessori-2/ (Caused by NewConnectionError(""HTTPSConnection(host='www.atlantaparent.com', port=443): Failed to establish "
2026-02-20T04:13:25.386265+00:00,https://www.atlantaparent.com/directory/47779/camp-arrowhead?p=47779,www.atlantaparent.com,false,,,,unknown,,none,,,none,,"HTTPSConnectionPool(host='www.atlantaparent.com', port=443): Max retries exceeded with url: /directory/47779/camp-arrowhead?p=47779 (Caused by NewConnectionError(""HTTPSConnection(host='www.atlantaparent.com', port=443): Failed to establish "
2026-02-20T04:13:25.386265+00:00,https://www.atlantaparent.com/directory/51356/ymca-of-metro-atlanta-2/,www.atlantaparent.com,false,,,,unknown,,none,,,none,,"HTTPSConnectionPool(host='www.atlantaparent.com', port=443): Max retries exceeded with url: /directory/51356/ymca-of-metro-atlanta-2/ (Caused by NewConnectionError(""HTTPSConnection(host='www.atlantaparent.com', port=443): Failed to establis"
2026-02-20T04:13:25.386265+00:00,https://www.atlantaparent.com/directory/51494/north-cobb-christian-school-summer-camps-2/,www.atlantaparent.com,false,,,,unknown,,none,,,none,,"HTTPSConnectionPool(host='www.atlantaparent.com', port=443): Max retries exceeded with url: /directory/51494/north-cobb-christian-school-summer-camps-2/ (Caused by NewConnectionError(""HTTPSConnection(host='www.atlantaparent.com', port=443):"
2026-02-20T04:13:25.386265+00:00,https://www.atlantaparent.com/directory/51906/big-blue-marble-academy/,www.atlantaparent.com,false,,,,unknown,,none,,,none,,"HTTPSConnectionPool(host='www.atlantaparent.com', port=443): Max retries exceeded with url: /directory/51906/big-blue-marble-academy/ (Caused by NewConnectionError(""HTTPSConnection(host='www.atlantaparent.com', port=443): Failed to establis"
2026-02-20T04:13:25.386265+00:00,https://www.atlantaparent.com/directory/52488/nike-sports-camps-us-sports-camps/,www.atlantaparent.com,false,,,,unknown,,none,,,none,,"HTTPSConnectionPool(host='www.atlantaparent.com', port=443): Max retries exceeded with url: /directory/52488/nike-sports-camps-us-sports-camps/ (Caused by NewConnectionError(""HTTPSConnection(host='www.atlantaparent.com', port=443): Failed t"
2026-02-20T04:13:25.386265+00:00,https://www.atlantaparent.com/directory/52557/michael-c-carlos-museum-camp-carlos/,www.atlantaparent.com,false,,,,unknown,,none,,,none,,"HTTPSConnectionPool(host='www.atlantaparent.com', port=443): Max retries exceeded with url: /directory/52557/michael-c-carlos-museum-camp-carlos/ (Caused by NewConnectionError(""HTTPSConnection(host='www.atlantaparent.com', port=443): Failed"
2026-02-20T04:13:25.386265+00:00,https://www.atlantaparent.com/directory/55095/arthur-m-blank-for-stuttering-education-and-research/,www.atlantaparent.com,false,,,,unknown,,none,,,none,,"HTTPSConnectionPool(host='www.atlantaparent.com', port=443): Max retries exceeded with url: /directory/55095/arthur-m-blank-for-stuttering-education-and-research/ (Caused by NewConnectionError(""HTTPSConnection(host='www.atlantaparent.com', "
2026-02-20T04:13:25.386265+00:00,https://www.atlantaparent.com/directory/55925/parker-chase-preschool/,www.atlantaparent.com,false,,,,unknown,,none,,,none,,"HTTPSConnectionPool(host='www.atlantaparent.com', port=443): Max retries exceeded with url: /directory/55925/parker-chase-preschool/ (Caused by NewConnectionError(""HTTPSConnection(host='www.atlantaparent.com', port=443): Failed to establish"
2026-02-20T04:13:25.386265+00:00,https://www.atlantaparent.com/directory/56302/georgia-state-university-college-of-the-arts/,www.atlantaparent.com,false,,,,unknown,,none,,,none,,"HTTPSConnectionPool(host='www.atlantaparent.com', port=443): Max retries exceeded with url: /directory/56302/georgia-state-university-college-of-the-arts/ (Caused by NewConnectionError(""HTTPSConnection(host='www.atlantaparent.com', port=443"
2026-02-20T04:13:25.386265+00:00,https://www.atlantaparent.com/directory/56521/georgia-tech-ceismc-summer-peaks-programs/,www.atlantaparent.com,false,,,,unknown,,none,,,none,,"HTTPSConnectionPool(host='www.atlantaparent.com', port=443): Max retries exceeded with url: /directory/56521/georgia-tech-ceismc-summer-peaks-programs/ (Caused by NewConnectionError(""HTTPSConnection(host='www.atlantaparent.com', port=443): "
2026-02-20T04:13:25.386265+00:00,https://www.atlantaparent.com/directory/56979/bucks-sport-and-circus-barn-2/,www.atlantaparent.com,false,,,,unknown,,none,,,none,,"HTTPSConnectionPool(host='www.atlantaparent.com', port=443): Max retries exceeded with url: /directory/56979/bucks-sport-and-circus-barn-2/ (Caused by NewConnectionError(""HTTPSConnection(host='www.atlantaparent.com', port=443): Failed to es"
2026-02-20T04:13:25.386265+00:00,https://www.atlantaparent.com/directory/56986/center-for-puppetry-arts-3/,www.atlantaparent.com,false,,,,unknown,,none,,,none,,"HTTPSConnectionPool(host='www.atlantaparent.com', port=443): Max retries exceeded with url: /directory/56986/center-for-puppetry-arts-3/ (Caused by NewConnectionError(""HTTPSConnection(host='www.atlantaparent.com', port=443): Failed to estab"
2026-02-20T04:13:25.386265+00:00,https://www.atlantaparent.com/directory/60961/moda-museum-of-design-atlanta/,www.atlantaparent.com,false,,,,unknown,,none,,,none,,"HTTPSConnectionPool(host='www.atlantaparent.com', port=443): Max retries exceeded with url: /directory/60961/moda-museum-of-design-atlanta/ (Caused by NewConnectionError(""HTTPSConnection(host='www.atlantaparent.com', port=443): Failed to es"
2026-02-20T04:13:25.386265+00:00,https://www.atlantaparent.com/directory/62690/terminus-modern-ballet-theatre-summer-intensives/,www.atlantaparent.com,false,,,,unknown,,none,,,none,,"HTTPSConnectionPool(host='www.atlantaparent.com', port=443): Max retries exceeded with url: /directory/62690/terminus-modern-ballet-theatre-summer-intensives/ (Caused by NewConnectionError(""HTTPSConnection(host='www.atlantaparent.com', port"
2026-02-20T04:13:25.386265+00:00,https://www.atlantaparent.com/directory/62829/saint-annes-day-school-summer-camp/,www.atlantaparent.com,false,,,,unknown,,none,,,none,,"HTTPSConnectionPool(host='www.atlantaparent.com', port=443): Max retries exceeded with url: /directory/62829/saint-annes-day-school-summer-camp/ (Caused by NewConnectionError(""HTTPSConnection(host='www.atlantaparent.com', port=443): Failed "
2026-02-20T04:13:25.386265+00:00,https://www.atlantaparent.com/directory/65453/oak-tree-camps/,www.atlantaparent.com,false,,,,unknown,,none,,,none,,"HTTPSConnectionPool(host='www.atlantaparent.com', port=443): Max retries exceeded with url: /directory/65453/oak-tree-camps/ (Caused by NewConnectionError(""HTTPSConnection(host='www.atlantaparent.com', port=443): Failed to establish a new c"
2026-02-20T04:13:25.386265+00:00,https://www.atlantaparent.com/directory/65457/biz4youth/,www.atlantaparent.com,false,,,,unknown,,none,,,none,,"HTTPSConnectionPool(host='www.atlantaparent.com', port=443): Max retries exceeded with url: /directory/65457/biz4youth/ (Caused by NewConnectionError(""HTTPSConnection(host='www.atlantaparent.com', port=443): Failed to establish a new connec"
2026-02-20T04:13:25.386265+00:00,https://www.atlantaparent.com/directory/65736/snapology/,www.atlantaparent.com,false,,,,unknown,,none,,,none,,"HTTPSConnectionPool(host='www.atlantaparent.com', port=443): Max retries exceeded with url: /directory/65736/snapology/ (Caused by NewConnectionError(""HTTPSConnection(host='www.atlantaparent.com', port=443): Failed to establish a new connec"
2026-02-20T04:13:25.386265+00:00,https://www.atlantaparent.com/directory/65829/saint-francis-school-summer-camps/,www.atlantaparent.com,false,,,,unknown,,none,,,none,,"HTTPSConnectionPool(host='www.atlantaparent.com', port=443): Max retries exceeded with url: /directory/65829/saint-francis-school-summer-camps/ (Caused by NewConnectionError(""HTTPSConnection(host='www.atlantaparent.com', port=443): Failed t"
2026-02-20T04:13:25.386265+00:00,https://www.atlantaparent.com/directory/65834/summer-camps-at-oakland/,www.atlantaparent.com,false,,,,unknown,,none,,,none,,"HTTPSConnectionPool(host='www.atlantaparent.com', port=443): Max retries exceeded with url: /directory/65834/summer-camps-at-oakland/ (Caused by NewConnectionError(""HTTPSConnection(host='www.atlantaparent.com', port=443): Failed to establis"
2026-02-20T04:13:25.386265+00:00,https://www.atlantaparent.com/directory/65942/anyonecancamp/,www.atlantaparent.com,false,,,,unknown,,none,,,none,,"HTTPSConnectionPool(host='www.atlantaparent.com', port=443): Max retries exceeded with url: /directory/65942/anyonecancamp/ (Caused by NewConnectionError(""HTTPSConnection(host='www.atlantaparent.com', port=443): Failed to establish a new co"
2026-02-20T04:13:25.386265+00:00,https://www.atlantaparent.com/directory/66008/mister-johns-music/,www.atlantaparent.com,false,,,,unknown,,none,,,none,,"HTTPSConnectionPool(host='www.atlantaparent.com', port=443): Max retries exceeded with url: /directory/66008/mister-johns-music/ (Caused by NewConnectionError(""HTTPSConnection(host='www.atlantaparent.com', port=443): Failed to establish a n"
2026-02-20T04:13:25.386265+00:00,https://www.atlantaparent.com/directory/66110/diventuresswimcamps/,www.atlantaparent.com,false,,,,unknown,,none,,,none,,"HTTPSConnectionPool(host='www.atlantaparent.com', port=443): Max retries exceeded with url: /directory/66110/diventuresswimcamps/ (Caused by NewConnectionError(""HTTPSConnection(host='www.atlantaparent.com', port=443): Failed to establish a "
2026-02-20T04:13:25.386265+00:00,https://www.atlantaparent.com/directory/66156/nike-tennis-camp/,www.atlantaparent.com,false,,,,unknown,,none,,,none,,"HTTPSConnectionPool(host='www.atlantaparent.com', port=443): Max retries exceeded with url: /directory/66156/nike-tennis-camp/ (Caused by NewConnectionError(""HTTPSConnection(host='www.atlantaparent.com', port=443): Failed to establish a new"
2026-02-20T04:13:25.386265+00:00,https://www.atlantaparent.com/directory/66165/chattahoochee-nature-center-high-school-leadership-in-training,www.atlantaparent.com,false,,,,unknown,,none,,,none,,"HTTPSConnectionPool(host='www.atlantaparent.com', port=443): Max retries exceeded with url: /directory/66165/chattahoochee-nature-center-high-school-leadership-in-training (Caused by NewConnectionError(""HTTPSConnection(host='www.atlantapare"
2026-02-20T04:13:25.386265+00:00,https://www.atlantaparent.com/directory/66307/omni-international-school-summer-camp/,www.atlantaparent.com,false,,,,unknown,,none,,,none,,"HTTPSConnectionPool(host='www.atlantaparent.com', port=443): Max retries exceeded with url: /directory/66307/omni-international-school-summer-camp/ (Caused by NewConnectionError(""HTTPSConnection(host='www.atlantaparent.com', port=443): Fail"
2026-02-20T04:13:25.386265+00:00,https://www.atlantaparent.com/directory/66399/ready-set-fun-day-camp/,www.atlantaparent.com,false,,,,unknown,,none,,,none,,"HTTPSConnectionPool(host='www.atlantaparent.com', port=443): Max retries exceeded with url: /directory/66399/ready-set-fun-day-camp/ (Caused by NewConnectionError(""HTTPSConnection(host='www.atlantaparent.com', port=443): Failed to establish"
2026-02-20T04:13:25.386265+00:00,https://www.atlantaparent.com/directory/66405/outdoors-more-nature-camp/,www.atlantaparent.com,false,,,,unknown,,none,,,none,,"HTTPSConnectionPool(host='www.atlantaparent.com', port=443): Max retries exceeded with url: /directory/66405/outdoors-more-nature-camp/ (Caused by NewConnectionError(""HTTPSConnection(host='www.atlantaparent.com', port=443): Failed to establ"
2026-02-20T04:13:25.386265+00:00,https://www.atlantaparent.com/directory/68364/chamblee-parks-recreation/,www.atlantaparent.com,false,,,,unknown,,none,,,none,,"HTTPSConnectionPool(host='www.atlantaparent.com', port=443): Max retries exceeded with url: /directory/68364/chamblee-parks-recreation/ (Caused by NewConnectionError(""HTTPSConnection(host='www.atlantaparent.com', port=443): Failed to establ"
2026-02-20T04:13:25.386265+00:00,https://www.atlantaparent.com/directory/68468/coach-jamie-hunts-bulldog-tennis-camp/,www.atlantaparent.com,false,,,,unknown,,none,,,none,,"HTTPSConnectionPool(host='www.atlantaparent.com', port=443): Max retries exceeded with url: /directory/68468/coach-jamie-hunts-bulldog-tennis-camp/ (Caused by NewConnectionError(""HTTPSConnection(host='www.atlantaparent.com', port=443): Fail"
2026-02-20T04:13:25.386265+00:00,https://www.atlantaparent.com/directory/68533/itp-atlanta-kids-summer-camp/,www.atlantaparent.com,false,,,,unknown,,none,,,none,,"HTTPSConnectionPool(host='www.atlantaparent.com', port=443): Max retries exceeded with url: /directory/68533/itp-atlanta-kids-summer-camp/ (Caused by NewConnectionError(""HTTPSConnection(host='www.atlantaparent.com', port=443): Failed to est"
2026-02-20T04:13:25.386265+00:00,https://www.atlantaparent.com/directory/68580/tech-wreck-summer-camp-at-georgia-tech/,www.atlantaparent.com,false,,,,unknown,,none,,,none,,"HTTPSConnectionPool(host='www.atlantaparent.com', port=443): Max retries exceeded with url: /directory/68580/tech-wreck-summer-camp-at-georgia-tech/ (Caused by NewConnectionError(""HTTPSConnection(host='www.atlantaparent.com', port=443): Fai"
2026-02-20T04:13:25.386265+00:00,https://www.atlantaparent.com/directory/68582/adventure-academy-mhhe/,www.atlantaparent.com,false,,,,unknown,,none,,,none,,"HTTPSConnectionPool(host='www.atlantaparent.com', port=443): Max retries exceeded with url: /directory/68582/adventure-academy-mhhe/ (Caused by NewConnectionError(""HTTPSConnection(host='www.atlantaparent.com', port=443): Failed to establish"
2026-02-20T04:13:25.386265+00:00,https://www.atlantaparent.com/directory/68822/atlanta-community-squash/,www.atlantaparent.com,false,,,,unknown,,none,,,none,,"HTTPSConnectionPool(host='www.atlantaparent.com', port=443): Max retries exceeded with url: /directory/68822/atlanta-community-squash/ (Caused by NewConnectionError(""HTTPSConnection(host='www.atlantaparent.com', port=443): Failed to establi"
2026-02-20T04:13:25.386265+00:00,https://www.atlantaparent.com/directory/69080/marietta-community-school/,www.atlantaparent.com,false,,,,unknown,,none,,,none,,"HTTPSConnectionPool(host='www.atlantaparent.com', port=443): Max retries exceeded with url: /directory/69080/marietta-community-school/ (Caused by NewConnectionError(""HTTPSConnection(host='www.atlantaparent.com', port=443): Failed to establ"
2026-02-20T04:13:25.386265+00:00,https://www.atlantaparent.com/directory/69081/oak-grove-academy-3/,www.atlantaparent.com,false,,,,unknown,,none,,,none,,"HTTPSConnectionPool(host='www.atlantaparent.com', port=443): Max retries exceeded with url: /directory/69081/oak-grove-academy-3/ (Caused by NewConnectionError(""HTTPSConnection(host='www.atlantaparent.com', port=443): Failed to establish a "
2026-02-20T04:13:25.386265+00:00,https://www.atlantaparent.com/directory/69107/doodle-art-studio/,www.atlantaparent.com,false,,,,unknown,,none,,,none,,"HTTPSConnectionPool(host='www.atlantaparent.com', port=443): Max retries exceeded with url: /directory/69107/doodle-art-studio/ (Caused by NewConnectionError(""HTTPSConnection(host='www.atlantaparent.com', port=443): Failed to establish a ne"
2026-02-20T04:13:25.386265+00:00,https://www.atlantaparent.com/directory/69108/career-camp-atlanta/,www.atlantaparent.com,false,,,,unknown,,none,,,none,,"HTTPSConnectionPool(host='www.atlantaparent.com', port=443): Max retries exceeded with url: /directory/69108/career-camp-atlanta/ (Caused by NewConnectionError(""HTTPSConnection(host='www.atlantaparent.com', port=443): Failed to establish a "
2026-02-20T04:13:25.386265+00:00,https://www.atlantaparent.com/directory/69110/the-haven-academy-summer-camps/,www.atlantaparent.com,false,,,,unknown,,none,,,none,,"HTTPSConnectionPool(host='www.atlantaparent.com', port=443): Max retries exceeded with url: /directory/69110/the-haven-academy-summer-camps/ (Caused by NewConnectionError(""HTTPSConnection(host='www.atlantaparent.com', port=443): Failed to e"
2026-02-20T04:13:25.386265+00:00,https://www.atlantaparent.com/directory/69152/root-and-blossom-counseling-summer-grow-camps/,www.atlantaparent.com,false,,,,unknown,,none,,,none,,"HTTPSConnectionPool(host='www.atlantaparent.com', port=443): Max retries exceeded with url: /directory/69152/root-and-blossom-counseling-summer-grow-camps/ (Caused by NewConnectionError(""HTTPSConnection(host='www.atlantaparent.com', port=44"
2026-02-20T04:13:25.386265+00:00,https://www.atlantaparent.com/directory/69204/la-dee-da-art-studio/,www.atlantaparent.com,false,,,,unknown,,none,,,none,,"HTTPSConnectionPool(host='www.atlantaparent.com', port=443): Max retries exceeded with url: /directory/69204/la-dee-da-art-studio/ (Caused by NewConnectionError(""HTTPSConnection(host='www.atlantaparent.com', port=443): Failed to establish a"
2026-02-20T04:13:25.386265+00:00,https://www.atlantaparent.com/directory/69214/fusion-academy-camps/,www.atlantaparent.com,false,,,,unknown,,none,,,none,,"HTTPSConnectionPool(host='www.atlantaparent.com', port=443): Max retries exceeded with url: /directory/69214/fusion-academy-camps/ (Caused by NewConnectionError(""HTTPSConnection(host='www.atlantaparent.com', port=443): Failed to establish a"
2026-02-20T04:13:25.386265+00:00,https://www.atlantaparent.com/directory/69217/atlanta-dance-theatre/,www.atlantaparent.com,false,,,,unknown,,none,,,none,,"HTTPSConnectionPool(host='www.atlantaparent.com', port=443): Max retries exceeded with url: /directory/69217/atlanta-dance-theatre/ (Caused by NewConnectionError(""HTTPSConnection(host='www.atlantaparent.com', port=443): Failed to establish "
2026-02-20T04:13:25.386265+00:00,https://www.atlantaparent.com/directory/69219/normas-academy-of-dance-summer-camps/,www.atlantaparent.com,false,,,,unknown,,none,,,none,,"HTTPSConnectionPool(host='www.atlantaparent.com', port=443): Max retries exceeded with url: /directory/69219/normas-academy-of-dance-summer-camps/ (Caused by NewConnectionError(""HTTPSConnection(host='www.atlantaparent.com', port=443): Faile"
2026-02-20T04:13:25.386265+00:00,https://www.atlantaparent.com/directory/69225/woodlands-freestyle-summer-camps/,www.atlantaparent.com,false,,,,unknown,,none,,,none,,"HTTPSConnectionPool(host='www.atlantaparent.com', port=443): Max retries exceeded with url: /directory/69225/woodlands-freestyle-summer-camps/ (Caused by NewConnectionError(""HTTPSConnection(host='www.atlantaparent.com', port=443): Failed to"
2026-02-20T04:13:25.386265+00:00,https://www.atlantaparent.com/directory/69228/peace-and-justice-camp/,www.atlantaparent.com,false,,,,unknown,,none,,,none,,"HTTPSConnectionPool(host='www.atlantaparent.com', port=443): Max retries exceeded with url: /directory/69228/peace-and-justice-camp/ (Caused by NewConnectionError(""HTTPSConnection(host='www.atlantaparent.com', port=443): Failed to establish"
2026-02-20T04:13:25.386265+00:00,https://www.atlantaparent.com/directory/69436/the-howard-school-summer-camps/,www.atlantaparent.com,false,,,,unknown,,none,,,none,,"HTTPSConnectionPool(host='www.atlantaparent.com', port=443): Max retries exceeded with url: /directory/69436/the-howard-school-summer-camps/ (Caused by NewConnectionError(""HTTPSConnection(host='www.atlantaparent.com', port=443): Failed to e"
2026-02-20T04:13:25.386265+00:00,https://www.atlantaparent.com/directory/69437/sandy-springs-racquet-center/,www.atlantaparent.com,false,,,,unknown,,none,,,none,,"HTTPSConnectionPool(host='www.atlantaparent.com', port=443): Max retries exceeded with url: /directory/69437/sandy-springs-racquet-center/ (Caused by NewConnectionError(""HTTPSConnection(host='www.atlantaparent.com', port=443): Failed to est"
2026-02-20T04:13:25.386265+00:00,https://www.atlantaparent.com/directory/69438/fashionista-camp/,www.atlantaparent.com,false,,,,unknown,,none,,,none,,"HTTPSConnectionPool(host='www.atlantaparent.com', port=443): Max retries exceeded with url: /directory/69438/fashionista-camp/ (Caused by NewConnectionError(""HTTPSConnection(host='www.atlantaparent.com', port=443): Failed to establish a new"
2026-02-20T04:13:25.386265+00:00,https://www.atlantaparent.com/directory/69460/horizons-kids/,www.atlantaparent.com,false,,,,unknown,,none,,,none,,"HTTPSConnectionPool(host='www.atlantaparent.com', port=443): Max retries exceeded with url: /directory/69460/horizons-kids/ (Caused by NewConnectionError(""HTTPSConnection(host='www.atlantaparent.com', port=443): Failed to establish a new co"
2026-02-20T04:13:25.386265+00:00,https://www.atlantaparent.com/directory/69581/rcx-sports-llc/,www.atlantaparent.com,false,,,,unknown,,none,,,none,,"HTTPSConnectionPool(host='www.atlantaparent.com', port=443): Max retries exceeded with url: /directory/69581/rcx-sports-llc/ (Caused by NewConnectionError(""HTTPSConnection(host='www.atlantaparent.com', port=443): Failed to establish a new c"
2026-02-20T04:13:25.386265+00:00,https://www.atlantaparent.com/directory/69651/challenge-aerial-atlanta/,www.atlantaparent.com,false,,,,unknown,,none,,,none,,"HTTPSConnectionPool(host='www.atlantaparent.com', port=443): Max retries exceeded with url: /directory/69651/challenge-aerial-atlanta/ (Caused by NewConnectionError(""HTTPSConnection(host='www.atlantaparent.com', port=443): Failed to establi"
2026-02-20T04:13:25.386265+00:00,https://www.atlantaparent.com/directory/69671/abernathy-arts-center-summer-camp/,www.atlantaparent.com,false,,,,unknown,,none,,,none,,"HTTPSConnectionPool(host='www.atlantaparent.com', port=443): Max retries exceeded with url: /directory/69671/abernathy-arts-center-summer-camp/ (Caused by NewConnectionError(""HTTPSConnection(host='www.atlantaparent.com', port=443): Failed t"
2026-02-20T04:13:25.386265+00:00,https://www.atlantaparent.com/directory/69848/dance-411-studios/,www.atlantaparent.com,false,,,,unknown,,none,,,none,,"HTTPSConnectionPool(host='www.atlantaparent.com', port=443): Max retries exceeded with url: /directory/69848/dance-411-studios/ (Caused by NewConnectionError(""HTTPSConnection(host='www.atlantaparent.com', port=443): Failed to establish a ne"
2026-02-20T04:13:25.386265+00:00,https://www.atlantaparent.com/directory/72387/camp-flix/,www.atlantaparent.com,false,,,,unknown,,none,,,none,,"HTTPSConnectionPool(host='www.atlantaparent.com', port=443): Max retries exceeded with url: /directory/72387/camp-flix/ (Caused by NewConnectionError(""HTTPSConnection(host='www.atlantaparent.com', port=443): Failed to establish a new connec"
2026-02-20T04:13:25.386265+00:00,https://www.atlantaparent.com/directory/72543/threaded-from-heaven-camps/,www.atlantaparent.com,false,,,,unknown,,none,,,none,,"HTTPSConnectionPool(host='www.atlantaparent.com', port=443): Max retries exceeded with url: /directory/72543/threaded-from-heaven-camps/ (Caused by NewConnectionError(""HTTPSConnection(host='www.atlantaparent.com', port=443): Failed to estab"
2026-02-20T04:13:25.386265+00:00,https://www.atlantaparent.com/directory/72561/science-akademeia-summer-camps/,www.atlantaparent.com,false,,,,unknown,,none,,,none,,"HTTPSConnectionPool(host='www.atlantaparent.com', port=443): Max retries exceeded with url: /directory/72561/science-akademeia-summer-camps/ (Caused by NewConnectionError(""HTTPSConnection(host='www.atlantaparent.com', port=443): Failed to e"
2026-02-20T04:13:25.386265+00:00,https://www.atlantaparent.com/directory/72590/discoveru-summer-programs/,www.atlantaparent.com,false,,,,unknown,,none,,,none,,"HTTPSConnectionPool(host='www.atlantaparent.com', port=443): Max retries exceeded with url: /directory/72590/discoveru-summer-programs/ (Caused by NewConnectionError(""HTTPSConnection(host='www.atlantaparent.com', port=443): Failed to establ"
2026-02-20T04:13:25.386265+00:00,https://www.atlantaparent.com/directory/72595/st-pius-x-summer-camps/,www.atlantaparent.com,false,,,,unknown,,none,,,none,,"HTTPSConnectionPool(host='www.atlantaparent.com', port=443): Max retries exceeded with url: /directory/72595/st-pius-x-summer-camps/ (Caused by NewConnectionError(""HTTPSConnection(host='www.atlantaparent.com', port=443): Failed to establish"
2026-02-20T04:13:25.386265+00:00,https://www.atlantaparent.com/directory/72597/school-of-rock-buckhead/,www.atlantaparent.com,false,,,,unknown,,none,,,none,,"HTTPSConnectionPool(host='www.atlantaparent.com', port=443): Max retries exceeded with url: /directory/72597/school-of-rock-buckhead/ (Caused by NewConnectionError(""HTTPSConnection(host='www.atlantaparent.com', port=443): Failed to establis"
2026-02-20T04:13:25.386265+00:00,https://www.atlantaparent.com/directory/72599/ztunes-music-academy/,www.atlantaparent.com,false,,,,unknown,,none,,,none,,"HTTPSConnectionPool(host='www.atlantaparent.com', port=443): Max retries exceeded with url: /directory/72599/ztunes-music-academy/ (Caused by NewConnectionError(""HTTPSConnection(host='www.atlantaparent.com', port=443): Failed to establish a"
2026-02-20T04:13:25.386265+00:00,https://www.atlantaparent.com/directory/8867/in-the-city-camp/,www.atlantaparent.com,false,,,,unknown,,none,,,none,,"HTTPSConnectionPool(host='www.atlantaparent.com', port=443): Max retries exceeded with url: /directory/8867/in-the-city-camp/ (Caused by NewConnectionError(""HTTPSConnection(host='www.atlantaparent.com', port=443): Failed to establish a new "
2026-02-20T04:13:25.386265+00:00,https://www.atlantaparent.com/directory/9163/safari-day-camp-zoo-atlanta/,www.atlantaparent.com,false,,,,unknown,,none,,,none,,"HTTPSConnectionPool(host='www.atlantaparent.com', port=443): Max retries exceeded with url: /directory/9163/safari-day-camp-zoo-atlanta/ (Caused by NewConnectionError(""HTTPSConnection(host='www.atlantaparent.com', port=443): Failed to estab"
2026-02-20T04:13:25.386265+00:00,https://www.atlantaparent.com/directory/9163/safari-day-camp-zoo-atlanta?p=9163,www.atlantaparent.com,false,,,,unknown,,none,,,none,,"HTTPSConnectionPool(host='www.atlantaparent.com', port=443): Max retries exceeded with url: /directory/9163/safari-day-camp-zoo-atlanta?p=9163 (Caused by NewConnectionError(""HTTPSConnection(host='www.atlantaparent.com', port=443): Failed to"
2026-02-20T04:13:25.386265+00:00,https://www.atlantaparent.com/directory/9165/atlanta-shakespeare-company-summer-camp/,www.atlantaparent.com,false,,,,unknown,,none,,,none,,"HTTPSConnectionPool(host='www.atlantaparent.com', port=443): Max retries exceeded with url: /directory/9165/atlanta-shakespeare-company-summer-camp/ (Caused by NewConnectionError(""HTTPSConnection(host='www.atlantaparent.com', port=443): Fai"
2026-02-20T04:13:25.386265+00:00,https://www.atlantaparent.com/directory/9190/mount-paran-christian-school?p=9190,www.atlantaparent.com,false,,,,unknown,,none,,,none,,"HTTPSConnectionPool(host='www.atlantaparent.com', port=443): Max retries exceeded with url: /directory/9190/mount-paran-christian-school?p=9190 (Caused by NewConnectionError(""HTTPSConnection(host='www.atlantaparent.com', port=443): Failed t"
2026-02-20T04:13:25.386265+00:00,https://www.atlantaparent.com/directory/9432/idtech/,www.atlantaparent.com,false,,,,unknown,,none,,,none,,"HTTPSConnectionPool(host='www.atlantaparent.com', port=443): Max retries exceeded with url: /directory/9432/idtech/ (Caused by NewConnectionError(""HTTPSConnection(host='www.atlantaparent.com', port=443): Failed to establish a new connection"
2026-02-20T04:13:25.386265+00:00,https://www.atlantaparent.com/directory/9478/ballethnic-academy-dance/,www.atlantaparent.com,false,,,,unknown,,none,,,none,,"HTTPSConnectionPool(host='www.atlantaparent.com', port=443): Max retries exceeded with url: /directory/9478/ballethnic-academy-dance/ (Caused by NewConnectionError(""HTTPSConnection(host='www.atlantaparent.com', port=443): Failed to establis"
2026-02-20T04:13:25.386265+00:00,https://www.atlantaparent.com/directory/9566/carrington-academy/,www.atlantaparent.com,false,,,,unknown,,none,,,none,,"HTTPSConnectionPool(host='www.atlantaparent.com', port=443): Max retries exceeded with url: /directory/9566/carrington-academy/ (Caused by NewConnectionError(""HTTPSConnection(host='www.atlantaparent.com', port=443): Failed to establish a ne"
2026-02-20T04:13:25.386265+00:00,https://www.fernbankmuseum.org/learn/community-programs/fernbank-camps/summer-camp/,www.fernbankmuseum.org,true,200,https://www.fernbankmuseum.org/learn/community-programs/fernbank-camps/summer-camp/,Summer Camp | Fernbank Museum of Natural History,scheduled_not_open,"ion takes place on our Campsite page using the links below. Registration opens for members on Tuesday, Jan. 27, 2026, at Noon EST. Registr",exact,Atlanta,"767 Clifton Road, Atlanta, GA 30307 Guest.Services@FernbankMuseum.org 404.929.6300 Press Room Pr",page_address,"767 Clifton Road, Atlanta, GA 30307 Guest.Services@FernbankMuseum.org 404.929.6300 Press Room Pr",
2026-02-20T04:13:25.386265+00:00,https://www.georgiaaquarium.org/camp-h2o/,www.georgiaaquarium.org,true,200,https://www.georgiaaquarium.org/camp-h2o/,Camp H2O - Georgia Aquarium,maybe_available,"discovery, excitement, and aquatic fun at Georgia Aquarium! Register Today Your Summer Starts Here Choose the week that fits you",exact,Atlanta,"2026 Georgia Aquarium 225 Baker Street Northwest, Atlanta, GA Accredited By: Association of Zoos & Aquariums (AZA) All",page_address,"2026 Georgia Aquarium 225 Baker Street Northwest, Atlanta, GA Accredited By: Association of Zoos & Aquariums (AZA) All",
2026-02-20T04:13:25.386265+00:00,https://www.gwinnettcounty.com/government/departments/parks-recreation/recreation/camps,www.gwinnettcounty.com,true,200,https://www.gwinnettcounty.com/government/departments/parks-recreation/recreation/camps,Day Camps - Gwinnett County - Gwinnett,maybe_available,rtments Parks and Recreation Recreation Day Camps Day Camps Register for Camp Become a Camp Aide Day Camps in Gwinnett Gwinnett,exact,Drive Lawrenceville,"75 Langley Drive Lawrenceville, GA 30046 Directions Phone Number 770.822.8000 Top Services Pay W",page_address,"75 Langley Drive Lawrenceville, GA 30046 Directions Phone Number 770.822.8000 Top Services Pay W",
