id,slug,name,is_active,module_exists,reason_code,reason_detail,recommended_action,source_type,integration_method,crawl_frequency,expected_event_count,health_tags,active_months,last_crawled_at,last_crawled_age_days,owner_portal_id,url
601,a3c-festival,A3C Festival & Conference,False,False,festival_structure_managed_no_crawler_required,Festival entry is managed by festival hierarchy; no standalone crawler is required.,keep_inactive_structural,festival,festival_schedule,daily,0,"['festival-structural', 'no-standalone-crawler']",,2026-02-16T05:11:50.471067+00:00,4,74c2f211-ee11-453d-8386-ac2861705695,https://a3cconference.com
657,acworth-beer-wine-fest,Acworth Beer & Wine Festival,False,False,festival_structure_managed_no_crawler_required,Festival entry is managed by festival hierarchy; no standalone crawler is required.,keep_inactive_structural,festival,festival_schedule,daily,,"['festival-structural', 'no-standalone-crawler']",,,,74c2f211-ee11-453d-8386-ac2861705695,https://www.acworth.com
754,acworth-dragon-boat-festival,Acworth Dragon Boat Festival,False,False,festival_structure_managed_no_crawler_required,Festival entry is managed by festival hierarchy; no standalone crawler is required.,keep_inactive_structural,festival,festival_schedule,daily,,"['festival-structural', 'no-standalone-crawler']",,,,74c2f211-ee11-453d-8386-ac2861705695,https://www.acworth.com
583,afropunk-atlanta,AfroPunk Atlanta,False,False,festival_structure_managed_no_crawler_required,Festival entry is managed by festival hierarchy; no standalone crawler is required.,keep_inactive_structural,festival,festival_schedule,daily,0,"['festival-structural', 'no-standalone-crawler']",,2026-02-16T05:51:04.799087+00:00,4,74c2f211-ee11-453d-8386-ac2861705695,https://afropunk.com
746,aids-walk-atlanta,AIDS Walk Atlanta & 5K Run,False,False,festival_structure_managed_no_crawler_required,Festival entry is managed by festival hierarchy; no standalone crawler is required.,keep_inactive_structural,festival,festival_schedule,daily,,"['festival-structural', 'no-standalone-crawler']",,,,cf53e4b1-7689-42bd-9a50-042a87fb5bbd,https://www.aidatlanta.org/aidswalk
631,all-the-laughs-fest,All The Laughs (ATL) Comedy Festival,False,False,festival_structure_managed_no_crawler_required,Festival entry is managed by festival hierarchy; no standalone crawler is required.,keep_inactive_structural,festival,festival_schedule,daily,,"['festival-structural', 'no-standalone-crawler']",,,,74c2f211-ee11-453d-8386-ac2861705695,https://atl.tix.page/
647,alliance-collision-project,Alliance Theatre Palefsky Collision Project,False,False,festival_structure_managed_no_crawler_required,Festival entry is managed by festival hierarchy; no standalone crawler is required.,keep_inactive_structural,festival,,daily,,[],,,,74c2f211-ee11-453d-8386-ac2861705695,https://www.alliancetheatre.org
611,atl-blues-festival,ATL Blues Festival,False,False,festival_structure_managed_no_crawler_required,Festival entry is managed by festival hierarchy; no standalone crawler is required.,keep_inactive_structural,festival,festival_schedule,daily,,"['festival-structural', 'no-standalone-crawler']",,,,74c2f211-ee11-453d-8386-ac2861705695,https://www.cobbenergycentre.com
641,atl-comedy-film-fest,Atlanta Comedy Film Festival,False,False,festival_structure_managed_no_crawler_required,Festival entry is managed by festival hierarchy; no standalone crawler is required.,keep_inactive_structural,festival,festival_schedule,daily,,"['festival-structural', 'no-standalone-crawler']",,,,74c2f211-ee11-453d-8386-ac2861705695,https://filmfreeway.com/AtlantaComedyFilmFestival
688,atl-hip-hop-day-fest,Atlanta Hip Hop Day Festival,False,False,festival_structure_managed_no_crawler_required,Festival entry is managed by festival hierarchy; no standalone crawler is required.,keep_inactive_structural,festival,festival_schedule,daily,,"['festival-structural', 'no-standalone-crawler']",,,,74c2f211-ee11-453d-8386-ac2861705695,https://www.atlantahiphopdayfestival.com
718,atl-magazine-whiskey-fest,Atlanta Magazine Whiskey Festival,False,False,festival_structure_managed_no_crawler_required,Festival entry is managed by festival hierarchy; no standalone crawler is required.,keep_inactive_structural,festival,festival_schedule,daily,,"['festival-structural', 'no-standalone-crawler']",,,,74c2f211-ee11-453d-8386-ac2861705695,https://www.atlantamagazine.com/atlanta-magazine-whiskey-festival-2026/
712,atl-pride,Atlanta Pride Festival,False,False,festival_structure_managed_no_crawler_required,Festival entry is managed by festival hierarchy; no standalone crawler is required.,keep_inactive_structural,festival,festival_schedule,daily,,"['festival-structural', 'no-standalone-crawler']",,,,74c2f211-ee11-453d-8386-ac2861705695,https://atlantapride.org
585,atlanta-apparel-market,Atlanta Apparel Market,False,False,festival_structure_managed_no_crawler_required,Festival entry is managed by festival hierarchy; no standalone crawler is required.,keep_inactive_structural,festival,,daily,,[],,,,74c2f211-ee11-453d-8386-ac2861705695,https://www.atlanta-apparel.com
578,atlanta-auto-show,Atlanta International Auto Show,False,False,festival_structure_managed_no_crawler_required,Festival entry is managed by festival hierarchy; no standalone crawler is required.,keep_inactive_structural,festival,festival_schedule,daily,,"['festival-structural', 'no-standalone-crawler']",,,,74c2f211-ee11-453d-8386-ac2861705695,https://goautoshow.com
651,atlanta-bead-show,Atlanta Bead Show,False,False,festival_structure_managed_no_crawler_required,Festival entry is managed by festival hierarchy; no standalone crawler is required.,keep_inactive_structural,festival,festival_schedule,daily,,"['festival-structural', 'no-standalone-crawler']",,,,74c2f211-ee11-453d-8386-ac2861705695,https://beadshows.com/
605,atlanta-boat-show,Discover Boating Atlanta Boat Show,False,False,festival_structure_managed_no_crawler_required,Festival entry is managed by festival hierarchy; no standalone crawler is required.,keep_inactive_structural,festival,festival_schedule,daily,,"['festival-structural', 'no-standalone-crawler']",,,,74c2f211-ee11-453d-8386-ac2861705695,https://www.atlantaboatshow.com
669,atlanta-braves-opening-day,Atlanta Braves Opening Day,False,False,festival_structure_managed_no_crawler_required,Festival entry is managed by festival hierarchy; no standalone crawler is required.,keep_inactive_structural,festival,,daily,,[],,,,74c2f211-ee11-453d-8386-ac2861705695,https://www.mlb.com/braves
680,atlanta-brick-con,Atlanta Brick Con,False,False,festival_structure_managed_no_crawler_required,Festival entry is managed by festival hierarchy; no standalone crawler is required.,keep_inactive_structural,festival,festival_schedule,daily,,"['festival-structural', 'no-standalone-crawler']",,,,74c2f211-ee11-453d-8386-ac2861705695,https://atlantabrickcon.com
769,atlanta-camping-rv-show,Atlanta Camping & RV Show,False,False,festival_structure_managed_no_crawler_required,Festival entry is managed by festival hierarchy; no standalone crawler is required.,keep_inactive_structural,festival,festival_schedule,daily,,"['festival-structural', 'no-standalone-crawler']",,,,74c2f211-ee11-453d-8386-ac2861705695,https://atlantarvshow.com
623,atlanta-caribbean-carnival,Atlanta Caribbean Carnival,False,False,festival_structure_managed_no_crawler_required,Festival entry is managed by festival hierarchy; no standalone crawler is required.,keep_inactive_structural,festival,festival_schedule,daily,,"['festival-structural', 'no-standalone-crawler']",,,,74c2f211-ee11-453d-8386-ac2861705695,https://www.atlantacarnival.org/
646,atlanta-christkindl-market,Atlanta Christkindl Market,False,False,festival_structure_managed_no_crawler_required,Festival entry is managed by festival hierarchy; no standalone crawler is required.,keep_inactive_structural,festival,festival_schedule,daily,,"['festival-structural', 'no-standalone-crawler']",,,,74c2f211-ee11-453d-8386-ac2861705695,https://www.christkindlmarket.org
737,atlanta-cocktail-week,Atlanta Cocktail Week,False,False,festival_structure_managed_no_crawler_required,Festival entry is managed by festival hierarchy; no standalone crawler is required.,keep_inactive_structural,festival,,daily,,[],,,,74c2f211-ee11-453d-8386-ac2861705695,https://atlantacocktailweek.com/
599,atlanta-coin-show,Greater Atlanta Coin Show,False,False,festival_structure_managed_no_crawler_required,Festival entry is managed by festival hierarchy; no standalone crawler is required.,keep_inactive_structural,festival,,daily,,[],,,,74c2f211-ee11-453d-8386-ac2861705695,http://atlcoin.com
610,atlanta-diwali,Atlanta Diwali Celebration,False,False,festival_structure_managed_no_crawler_required,Festival entry is managed by festival hierarchy; no standalone crawler is required.,keep_inactive_structural,festival,festival_schedule,daily,,"['festival-structural', 'no-standalone-crawler']",,,,74c2f211-ee11-453d-8386-ac2861705695,https://www.atlantamandir.info/
645,atlanta-eid-festival,Atlanta Eid Festival,False,False,festival_structure_managed_no_crawler_required,Festival entry is managed by festival hierarchy; no standalone crawler is required.,keep_inactive_structural,festival,festival_schedule,daily,,"['festival-structural', 'no-standalone-crawler']",,,,74c2f211-ee11-453d-8386-ac2861705695,https://www.eidfest.org/
670,atlanta-fashion-week,Atlanta Fashion Week,False,False,festival_structure_managed_no_crawler_required,Festival entry is managed by festival hierarchy; no standalone crawler is required.,keep_inactive_structural,festival,festival_schedule,daily,,"['festival-structural', 'no-standalone-crawler']",,,,74c2f211-ee11-453d-8386-ac2861705695,https://www.atlantafashionweek.co
733,atlanta-food-wine-festival,Atlanta Food & Wine Festival,False,False,festival_structure_managed_no_crawler_required,Festival entry is managed by festival hierarchy; no standalone crawler is required.,keep_inactive_structural,festival,festival_schedule,daily,,"['festival-structural', 'no-standalone-crawler']",,,,74c2f211-ee11-453d-8386-ac2861705695,https://atlfoodandwinefestival.com
711,atlanta-fringe-festival,Atlanta Fringe Festival,False,False,festival_structure_managed_no_crawler_required,Festival entry is managed by festival hierarchy; no standalone crawler is required.,keep_inactive_structural,festival,festival_schedule,daily,,"['festival-structural', 'no-standalone-crawler']",,,,74c2f211-ee11-453d-8386-ac2861705695,https://www.atlantafringe.org
738,atlanta-greek-festival,Atlanta Greek Festival,False,False,festival_structure_managed_no_crawler_required,Festival entry is managed by festival hierarchy; no standalone crawler is required.,keep_inactive_structural,festival,festival_schedule,daily,0,"['festival-structural', 'no-standalone-crawler']",,2026-02-16T05:39:37.25839+00:00,,74c2f211-ee11-453d-8386-ac2861705695,https://www.atlantagreekfestival.org
763,atlanta-hawks-home-opener,Atlanta Hawks Home Opener,False,False,festival_structure_managed_no_crawler_required,Festival entry is managed by festival hierarchy; no standalone crawler is required.,keep_inactive_structural,festival,,daily,,[],,,,74c2f211-ee11-453d-8386-ac2861705695,https://www.nba.com/hawks
729,atlanta-home-show,Atlanta Home Show,False,False,festival_structure_managed_no_crawler_required,Festival entry is managed by festival hierarchy; no standalone crawler is required.,keep_inactive_structural,festival,,daily,,[],,,,74c2f211-ee11-453d-8386-ac2861705695,https://www.atlantahomeshow.com
767,atlanta-horror-film-fest,Atlanta Horror Film Festival,False,False,festival_structure_managed_no_crawler_required,Festival entry is managed by festival hierarchy; no standalone crawler is required.,keep_inactive_structural,festival,festival_schedule,daily,,"['festival-structural', 'no-standalone-crawler']",,,,74c2f211-ee11-453d-8386-ac2861705695,https://atlantahorrorfilmfest.com
732,atlanta-ice-cream-festival,Atlanta Ice Cream Festival,False,False,festival_structure_managed_no_crawler_required,Festival entry is managed by festival hierarchy; no standalone crawler is required.,keep_inactive_structural,festival,festival_schedule,daily,,"['festival-structural', 'no-standalone-crawler']",,,,74c2f211-ee11-453d-8386-ac2861705695,https://atlantaicecreamfestival.com
594,atlanta-jazz-fest,Atlanta Jazz Festival,False,False,festival_structure_managed_no_crawler_required,Festival entry is managed by festival hierarchy; no standalone crawler is required.,keep_inactive_structural,festival,festival_schedule,daily,,"['festival-structural', 'no-standalone-crawler']",,,,74c2f211-ee11-453d-8386-ac2861705695,https://atlantafestivals.com
735,atlanta-jewish-film-festival,Atlanta Jewish Film Festival,False,False,festival_structure_managed_no_crawler_required,Festival entry is managed by festival hierarchy; no standalone crawler is required.,keep_inactive_structural,festival,festival_schedule,daily,,"['festival-structural', 'no-standalone-crawler']",,,,74c2f211-ee11-453d-8386-ac2861705695,https://www.ajff.org
656,atlanta-korean-festival,Atlanta Korean Festival,False,False,festival_structure_managed_no_crawler_required,Festival entry is managed by festival hierarchy; no standalone crawler is required.,keep_inactive_structural,festival,festival_schedule,daily,,"['festival-structural', 'no-standalone-crawler']",,,,74c2f211-ee11-453d-8386-ac2861705695,https://www.koreanfestivalfoundation.com
659,atlanta-mac-cheese-fest,Atlanta Mac & Cheese Festival,False,False,festival_structure_managed_no_crawler_required,Festival entry is managed by festival hierarchy; no standalone crawler is required.,keep_inactive_structural,festival,festival_schedule,daily,,"['festival-structural', 'no-standalone-crawler']",,,,74c2f211-ee11-453d-8386-ac2861705695,https://macandcheesefestival.com/
586,atlanta-maker-faire,Atlanta Mini Maker Faire,False,False,festival_structure_managed_no_crawler_required,Festival entry is managed by festival hierarchy; no standalone crawler is required.,keep_inactive_structural,festival,festival_schedule,daily,,"['festival-structural', 'no-standalone-crawler']",,,,74c2f211-ee11-453d-8386-ac2861705695,https://makerfaireatl.com
777,atlanta-marathon,Publix Atlanta Marathon,False,False,festival_structure_managed_no_crawler_required,Festival entry is managed by festival hierarchy; no standalone crawler is required.,keep_inactive_structural,festival,festival_schedule,daily,,"['festival-structural', 'no-standalone-crawler']",,,,74c2f211-ee11-453d-8386-ac2861705695,https://www.atlantatrackclub.org
650,atlanta-model-train-show,Atlanta Model Train Show,False,False,festival_structure_managed_no_crawler_required,Festival entry is managed by festival hierarchy; no standalone crawler is required.,keep_inactive_structural,festival,festival_schedule,daily,,"['festival-structural', 'no-standalone-crawler']",,,,74c2f211-ee11-453d-8386-ac2861705695,https://www.cofga.org/
701,atlanta-orchid-show,Atlanta Orchid Show,False,False,festival_structure_managed_no_crawler_required,Festival entry is managed by festival hierarchy; no standalone crawler is required.,keep_inactive_structural,festival,festival_schedule,daily,,"['festival-structural', 'no-standalone-crawler']",,,,74c2f211-ee11-453d-8386-ac2861705695,https://www.atlantaorchidsociety.org/atlanta-orchid-show/
587,atlanta-pen-show,Atlanta Pen Show,False,False,festival_structure_managed_no_crawler_required,Festival entry is managed by festival hierarchy; no standalone crawler is required.,keep_inactive_structural,festival,festival_schedule,daily,,"['festival-structural', 'no-standalone-crawler']",,,,74c2f211-ee11-453d-8386-ac2861705695,https://www.atlantapenshow.info
695,atlanta-pizza-festival,Atlanta Pizza Festival,False,False,festival_structure_managed_no_crawler_required,Festival entry is managed by festival hierarchy; no standalone crawler is required.,keep_inactive_structural,festival,festival_schedule,daily,,"['festival-structural', 'no-standalone-crawler']",,,,74c2f211-ee11-453d-8386-ac2861705695,https://uspizzafestivals.ticketsauce.com/e/atlanta-pizza-festival
674,atlanta-plant-fest,Atlanta Plant Fest,False,False,festival_structure_managed_no_crawler_required,Festival entry is managed by festival hierarchy; no standalone crawler is required.,keep_inactive_structural,festival,festival_schedule,daily,,"['festival-structural', 'no-standalone-crawler']",,,,74c2f211-ee11-453d-8386-ac2861705695,https://aliveexpo.com/
640,atlanta-rare-book-fair,Atlanta Rare Book Fair,False,False,festival_structure_managed_no_crawler_required,Festival entry is managed by festival hierarchy; no standalone crawler is required.,keep_inactive_structural,festival,festival_schedule,daily,,"['festival-structural', 'no-standalone-crawler']",,,,74c2f211-ee11-453d-8386-ac2861705695,https://finefairs.com/atlanta
660,atlanta-record-show,Atlanta Record & CD Show,False,False,festival_structure_managed_no_crawler_required,Festival entry is managed by festival hierarchy; no standalone crawler is required.,keep_inactive_structural,festival,festival_schedule,daily,,"['festival-structural', 'no-standalone-crawler']",,,,74c2f211-ee11-453d-8386-ac2861705695,https://recordshowsofamerica.com/show/the-atlanta-record-cd-show/
704,atlanta-restaurant-week,Atlanta Restaurant Week,False,False,festival_structure_managed_no_crawler_required,Festival entry is managed by festival hierarchy; no standalone crawler is required.,keep_inactive_structural,festival,,daily,,[],,,,74c2f211-ee11-453d-8386-ac2861705695,https://atlantarestaurantweek.com
638,atlanta-salsa-congress,Atlanta Salsa & Bachata Festival,False,False,festival_structure_managed_no_crawler_required,Festival entry is managed by festival hierarchy; no standalone crawler is required.,keep_inactive_structural,festival,,daily,,[],,,,74c2f211-ee11-453d-8386-ac2861705695,https://www.atlantasbf.com
692,atlanta-scandinavian-fest,Atlanta Scandinavian Festival,False,False,festival_structure_managed_no_crawler_required,Festival entry is managed by festival hierarchy; no standalone crawler is required.,keep_inactive_structural,festival,festival_schedule,daily,,"['festival-structural', 'no-standalone-crawler']",,,,74c2f211-ee11-453d-8386-ac2861705695,https://www.atlantascandinavianfestival.org
627,atlanta-science-festival,Atlanta Science Festival,False,False,festival_structure_managed_no_crawler_required,Festival entry is managed by festival hierarchy; no standalone crawler is required.,keep_inactive_structural,festival,festival_schedule,daily,,"['festival-structural', 'no-standalone-crawler']",,,,74c2f211-ee11-453d-8386-ac2861705695,https://atlantasciencefestival.org
771,atlanta-shortsfest,Atlanta Shortsfest,False,False,festival_structure_managed_no_crawler_required,Festival entry is managed by festival hierarchy; no standalone crawler is required.,keep_inactive_structural,festival,festival_schedule,daily,,"['festival-structural', 'no-standalone-crawler']",,,,74c2f211-ee11-453d-8386-ac2861705695,https://atlantashortsfest.com
776,atlanta-spotlight-film-festival,Atlanta Spotlight Film Festival,False,False,festival_structure_managed_no_crawler_required,Festival entry is managed by festival hierarchy; no standalone crawler is required.,keep_inactive_structural,festival,festival_schedule,daily,,"['festival-structural', 'no-standalone-crawler']",,,,74c2f211-ee11-453d-8386-ac2861705695,https://spotlightfilmfestival.com/
573,atlanta-streets-alive,Atlanta Streets Alive,False,False,festival_structure_managed_no_crawler_required,Festival entry is managed by festival hierarchy; no standalone crawler is required.,keep_inactive_structural,festival,festival_schedule,daily,,"['festival-structural', 'no-standalone-crawler']",,,,74c2f211-ee11-453d-8386-ac2861705695,https://atlantastreetsalive.org
713,atlanta-supercross,Monster Energy AMA Supercross,False,False,festival_structure_managed_no_crawler_required,Festival entry is managed by festival hierarchy; no standalone crawler is required.,keep_inactive_structural,festival,festival_schedule,daily,,"['festival-structural', 'no-standalone-crawler']",,,,74c2f211-ee11-453d-8386-ac2861705695,https://www.supercrosslive.com
658,atlanta-tattoo-arts-festival,Atlanta Tattoo Arts Festival,False,False,festival_structure_managed_no_crawler_required,Festival entry is managed by festival hierarchy; no standalone crawler is required.,keep_inactive_structural,festival,festival_schedule,daily,0,"['festival-structural', 'no-standalone-crawler']",,2026-02-16T05:23:26.223235+00:00,4,74c2f211-ee11-453d-8386-ac2861705695,https://villainarts.com/atlanta-tattoo-arts-convention/
662,atlanta-underground-film-fest,Atlanta Underground Film Festival,False,False,festival_structure_managed_no_crawler_required,Festival entry is managed by festival hierarchy; no standalone crawler is required.,keep_inactive_structural,festival,festival_schedule,daily,,"['festival-structural', 'no-standalone-crawler']",,,,74c2f211-ee11-453d-8386-ac2861705695,https://auff.org
724,atlanta-united-season-opener,Atlanta United FC Season Opener,False,False,festival_structure_managed_no_crawler_required,Festival entry is managed by festival hierarchy; no standalone crawler is required.,keep_inactive_structural,festival,,daily,,[],,,,74c2f211-ee11-453d-8386-ac2861705695,https://www.atlutd.com
575,atlanta-wine-week,Atlanta Food & Wine Festival,False,False,festival_structure_managed_no_crawler_required,Festival entry is managed by festival hierarchy; no standalone crawler is required.,keep_inactive_structural,festival,,daily,,[],,,,74c2f211-ee11-453d-8386-ac2861705695,https://atlfoodandwinefestival.com
617,beer-bourbon-bbq,"Beer, Bourbon & BBQ Festival",False,False,festival_structure_managed_no_crawler_required,Festival entry is managed by festival hierarchy; no standalone crawler is required.,keep_inactive_structural,festival,,daily,,[],,,,74c2f211-ee11-453d-8386-ac2861705695,https://atlanta.beerandbourbon.com
722,beltline-lantern-parade,Atlanta BeltLine Lantern Parade,False,False,festival_structure_managed_no_crawler_required,Festival entry is managed by festival hierarchy; no standalone crawler is required.,keep_inactive_structural,festival,festival_schedule,daily,,"['festival-structural', 'no-standalone-crawler']",,,,74c2f211-ee11-453d-8386-ac2861705695,https://beltline.org
726,bereggae-festival,BeREGGAE Music & Arts Festival,False,False,festival_structure_managed_no_crawler_required,Festival entry is managed by festival hierarchy; no standalone crawler is required.,keep_inactive_structural,festival,festival_schedule,daily,,"['festival-structural', 'no-standalone-crawler']",,,,74c2f211-ee11-453d-8386-ac2861705695,https://www.midtownatl.com/do/bereggae-music-and-arts-festival
758,big-shanty-festival,Big Shanty Festival,False,False,festival_structure_managed_no_crawler_required,Festival entry is managed by festival hierarchy; no standalone crawler is required.,keep_inactive_structural,festival,festival_schedule,daily,,"['festival-structural', 'no-standalone-crawler']",,,,74c2f211-ee11-453d-8386-ac2861705695,https://www.kennesaw.com/big-shanty-festival/
745,black-fashion-weekend,Black Fashion Weekend,False,False,festival_structure_managed_no_crawler_required,Festival entry is managed by festival hierarchy; no standalone crawler is required.,keep_inactive_structural,festival,festival_schedule,daily,,"['festival-structural', 'no-standalone-crawler']",,,,74c2f211-ee11-453d-8386-ac2861705695,https://www.blackfashionweekend.com
598,blade-show,Blade Show,False,False,festival_structure_managed_no_crawler_required,Festival entry is managed by festival hierarchy; no standalone crawler is required.,keep_inactive_structural,festival,festival_schedule,daily,0,"['festival-structural', 'no-standalone-crawler']",,2026-02-16T05:21:58.93648+00:00,,74c2f211-ee11-453d-8386-ac2861705695,https://bladeshow.com
622,blue-ridge-blues-bbq,Blue Ridge Blues & BBQ Festival,False,False,festival_structure_managed_no_crawler_required,Festival entry is managed by festival hierarchy; no standalone crawler is required.,keep_inactive_structural,festival,festival_schedule,daily,,"['festival-structural', 'no-standalone-crawler']",,,,74c2f211-ee11-453d-8386-ac2861705695,https://www.blueridgemountains.com/events/
720,blue-ridge-trout-fest,Blue Ridge Trout & Outdoor Adventures Festival,False,False,festival_structure_managed_no_crawler_required,Festival entry is managed by festival hierarchy; no standalone crawler is required.,keep_inactive_structural,festival,festival_schedule,daily,,"['festival-structural', 'no-standalone-crawler']",,,,74c2f211-ee11-453d-8386-ac2861705695,https://blueridgetroutfest.com
600,bluesberry-norcross,Bluesberry Beer & Music Festival,False,False,festival_structure_managed_no_crawler_required,Festival entry is managed by festival hierarchy; no standalone crawler is required.,keep_inactive_structural,festival,festival_schedule,daily,,"['festival-structural', 'no-standalone-crawler']",,,,74c2f211-ee11-453d-8386-ac2861705695,https://bluesberrybeerfestival.com
637,braves-country-fest,Braves Country Fest,False,False,festival_structure_managed_no_crawler_required,Festival entry is managed by festival hierarchy; no standalone crawler is required.,keep_inactive_structural,festival,,daily,,[],,,,74c2f211-ee11-453d-8386-ac2861705695,https://www.mlb.com/braves/fans/music-fest
710,braves-fest,Braves Fest,False,False,festival_structure_managed_no_crawler_required,Festival entry is managed by festival hierarchy; no standalone crawler is required.,keep_inactive_structural,festival,,daily,,[],,,,74c2f211-ee11-453d-8386-ac2861705695,https://www.mlb.com/braves
608,brookhaven-cherry-blossom,Brookhaven Cherry Blossom Festival,False,False,festival_structure_managed_no_crawler_required,Festival entry is managed by festival hierarchy; no standalone crawler is required.,keep_inactive_structural,festival,festival_schedule,daily,,"['festival-structural', 'no-standalone-crawler']",,,,74c2f211-ee11-453d-8386-ac2861705695,https://www.brookhavenga.gov/159/Cherry-Blossom-Festival
574,buried-alive-film-festival,Buried Alive Film Festival,False,False,festival_structure_managed_no_crawler_required,Festival entry is managed by festival hierarchy; no standalone crawler is required.,keep_inactive_structural,festival,festival_schedule,daily,,"['festival-structural', 'no-standalone-crawler']",,,,74c2f211-ee11-453d-8386-ac2861705695,https://buriedalivefilmfest.com
624,caffeine-and-octane-fest,Caffeine and Octane,False,False,festival_structure_managed_no_crawler_required,Festival entry is managed by festival hierarchy; no standalone crawler is required.,keep_inactive_structural,festival,festival_schedule,daily,,"['festival-structural', 'no-standalone-crawler']",,,,74c2f211-ee11-453d-8386-ac2861705695,https://www.caffeineandoctane.com/c-o-atlanta
676,candler-park-fall-fest,Candler Park Fall Fest,False,False,festival_structure_managed_no_crawler_required,Festival entry is managed by festival hierarchy; no standalone crawler is required.,keep_inactive_structural,festival,festival_schedule,weekly,,"['festival-structural', 'no-standalone-crawler']",,,,74c2f211-ee11-453d-8386-ac2861705695,https://fallfest.candlerpark.org
625,canton-riverfest,Canton Riverfest,False,False,festival_structure_managed_no_crawler_required,Festival entry is managed by festival hierarchy; no standalone crawler is required.,keep_inactive_structural,festival,festival_schedule,daily,,"['festival-structural', 'no-standalone-crawler']",,,,74c2f211-ee11-453d-8386-ac2861705695,https://serviceleague.net/fundraisers/riverfest/
703,canton-wing-rock-fest,Wing & Rock Fest,False,False,festival_structure_managed_no_crawler_required,Festival entry is managed by festival hierarchy; no standalone crawler is required.,keep_inactive_structural,festival,festival_schedule,daily,,"['festival-structural', 'no-standalone-crawler']",,,,74c2f211-ee11-453d-8386-ac2861705695,https://www.wingandrockfest.com
619,centennial-park-july-4th,Centennial Olympic Park July 4th,False,False,festival_structure_managed_no_crawler_required,Festival entry is managed by festival hierarchy; no standalone crawler is required.,keep_inactive_structural,festival,festival_schedule,weekly,,"['festival-structural', 'no-standalone-crawler']",,,,74c2f211-ee11-453d-8386-ac2861705695,https://www.gwcca.org
687,chalktoberfest,Chalktoberfest,False,False,festival_structure_managed_no_crawler_required,Festival entry is managed by festival hierarchy; no standalone crawler is required.,keep_inactive_structural,festival,festival_schedule,daily,,"['festival-structural', 'no-standalone-crawler']",,,,74c2f211-ee11-453d-8386-ac2861705695,https://chalktoberfest.com
633,chateau-elan-vineyard-fest,Chateau Elan Vineyard Fest,False,False,festival_structure_managed_no_crawler_required,Festival entry is managed by festival hierarchy; no standalone crawler is required.,keep_inactive_structural,festival,festival_schedule,daily,,"['festival-structural', 'no-standalone-crawler']",,,,74c2f211-ee11-453d-8386-ac2861705695,https://chateauelan.com/vineyardfest/
753,cherry-blossom-festival-macon,Cherry Blossom Festival,False,False,festival_structure_managed_no_crawler_required,Festival entry is managed by festival hierarchy; no standalone crawler is required.,keep_inactive_structural,festival,festival_schedule,daily,,"['festival-structural', 'no-standalone-crawler']",,,,74c2f211-ee11-453d-8386-ac2861705695,https://cherryblossom.com
632,chick-fil-a-kickoff-game,Chick-fil-A Kickoff Game,False,False,festival_structure_managed_no_crawler_required,Festival entry is managed by festival hierarchy; no standalone crawler is required.,keep_inactive_structural,festival,,daily,,[],,,,74c2f211-ee11-453d-8386-ac2861705695,https://www.chick-fil-akickoffgame.com
747,chick-fil-a-peach-bowl,Chick-fil-A Peach Bowl,False,False,festival_structure_managed_no_crawler_required,Festival entry is managed by festival hierarchy; no standalone crawler is required.,keep_inactive_structural,festival,,daily,,[],,,,74c2f211-ee11-453d-8386-ac2861705695,https://www.chick-fil-apeachbowl.com
580,cobb-international-film-festival,Cobb International Film Festival,False,False,festival_structure_managed_no_crawler_required,Festival entry is managed by festival hierarchy; no standalone crawler is required.,keep_inactive_structural,festival,festival_schedule,daily,,"['festival-structural', 'no-standalone-crawler']",,,,74c2f211-ee11-453d-8386-ac2861705695,https://cobbfilmfestival.com
705,collect-a-con-atlanta,Collect-A-Con Atlanta,False,False,festival_structure_managed_no_crawler_required,Festival entry is managed by festival hierarchy; no standalone crawler is required.,keep_inactive_structural,festival,,daily,,[],,,,74c2f211-ee11-453d-8386-ac2861705695,https://collectacon.com
716,college-football-playoff-natl,College Football Playoff National Championship,False,False,festival_structure_managed_no_crawler_required,Festival entry is managed by festival hierarchy; no standalone crawler is required.,keep_inactive_structural,festival,,daily,,[],,,,74c2f211-ee11-453d-8386-ac2861705695,https://collegefootballplayoff.com
731,conyers-cherry-blossom,Conyers Cherry Blossom Festival,False,False,festival_structure_managed_no_crawler_required,Festival entry is managed by festival hierarchy; no standalone crawler is required.,keep_inactive_structural,festival,festival_schedule,daily,,"['festival-structural', 'no-standalone-crawler']",,,,74c2f211-ee11-453d-8386-ac2861705695,https://visitconyersga.com/cherry-blossom-festival/
708,conyers-kennel-club,Conyers Kennel Club Dog Show,False,False,festival_structure_managed_no_crawler_required,Festival entry is managed by festival hierarchy; no standalone crawler is required.,keep_inactive_structural,festival,festival_schedule,daily,,"['festival-structural', 'no-standalone-crawler']",,,,74c2f211-ee11-453d-8386-ac2861705695,https://conyerskennelclub.org/events
725,countdown-over-atl,Countdown Over ATL,False,False,festival_structure_managed_no_crawler_required,Festival entry is managed by festival hierarchy; no standalone crawler is required.,keep_inactive_structural,festival,festival_schedule,daily,,"['festival-structural', 'no-standalone-crawler']",,,,74c2f211-ee11-453d-8386-ac2861705695,https://www.atlantaga.gov
593,covington-vampire-diaries,Vampire Diaries Festival Covington,False,False,festival_structure_managed_no_crawler_required,Festival entry is managed by festival hierarchy; no standalone crawler is required.,keep_inactive_structural,festival,,daily,,[],,,,74c2f211-ee11-453d-8386-ac2861705695,https://creationent.com
690,covington-vampire-diaries-fest,Vampire Diaries Festival,False,False,festival_structure_managed_no_crawler_required,Festival entry is managed by festival hierarchy; no standalone crawler is required.,keep_inactive_structural,festival,festival_schedule,daily,,"['festival-structural', 'no-standalone-crawler']",,,,74c2f211-ee11-453d-8386-ac2861705695,https://creationent.com
739,cumming-country-fair,Cumming Country Fair & Festival,False,False,festival_structure_managed_no_crawler_required,Festival entry is managed by festival hierarchy; no standalone crawler is required.,keep_inactive_structural,festival,festival_schedule,daily,,"['festival-structural', 'no-standalone-crawler']",,,,74c2f211-ee11-453d-8386-ac2861705695,https://cummingfair.squarespace.com
665,daggercon,DaggerCon,False,False,festival_structure_managed_no_crawler_required,Festival entry is managed by festival hierarchy; no standalone crawler is required.,keep_inactive_structural,festival,festival_schedule,daily,,"['festival-structural', 'no-standalone-crawler']",,,,74c2f211-ee11-453d-8386-ac2861705695,https://dagger-con.com
648,dahlonega-arts-wine,Dahlonega Arts & Wine Festival,False,False,festival_structure_managed_no_crawler_required,Festival entry is managed by festival hierarchy; no standalone crawler is required.,keep_inactive_structural,festival,festival_schedule,daily,,"['festival-structural', 'no-standalone-crawler']",,,,74c2f211-ee11-453d-8386-ac2861705695,https://www.dahlonega.org/events/
652,dahlonega-gold-rush-days,Dahlonega Gold Rush Days,False,False,festival_structure_managed_no_crawler_required,Festival entry is managed by festival hierarchy; no standalone crawler is required.,keep_inactive_structural,festival,festival_schedule,daily,,"['festival-structural', 'no-standalone-crawler']",,,,74c2f211-ee11-453d-8386-ac2861705695,https://goldrushdaysfestival.com
663,days-of-the-dead-atlanta,Days of the Dead Atlanta,False,False,festival_structure_managed_no_crawler_required,Festival entry is managed by festival hierarchy; no standalone crawler is required.,keep_inactive_structural,festival,festival_schedule,daily,,"['festival-structural', 'no-standalone-crawler']",,,,74c2f211-ee11-453d-8386-ac2861705695,https://daysofthedead.com
773,decatur-beach-party,Decatur Beach Party,False,False,festival_structure_managed_no_crawler_required,Festival entry is managed by festival hierarchy; no standalone crawler is required.,keep_inactive_structural,festival,festival_schedule,daily,,"['festival-structural', 'no-standalone-crawler']",,,,74c2f211-ee11-453d-8386-ac2861705695,https://decaturartsalliance.org
588,decatur-wine-festival,Decatur Wine Festival,False,False,festival_structure_managed_no_crawler_required,Festival entry is managed by festival hierarchy; no standalone crawler is required.,keep_inactive_structural,festival,festival_schedule,daily,,"['festival-structural', 'no-standalone-crawler']",,,,74c2f211-ee11-453d-8386-ac2861705695,https://decaturartsalliance.org
699,devnexus,Devnexus,False,False,festival_structure_managed_no_crawler_required,Festival entry is managed by festival hierarchy; no standalone crawler is required.,keep_inactive_structural,festival,festival_schedule,daily,,"['festival-structural', 'no-standalone-crawler']",,,,74c2f211-ee11-453d-8386-ac2861705695,https://devnexus.org
717,dogwood-festival,Atlanta Dogwood Festival,False,False,festival_structure_managed_no_crawler_required,Festival entry is managed by festival hierarchy; no standalone crawler is required.,keep_inactive_structural,festival,festival_schedule,daily,,"['festival-structural', 'no-standalone-crawler']",,,,74c2f211-ee11-453d-8386-ac2861705695,https://dogwood.org
728,duluth-fall-festival,Duluth Fall Festival,False,False,festival_structure_managed_no_crawler_required,Festival entry is managed by festival hierarchy; no standalone crawler is required.,keep_inactive_structural,festival,festival_schedule,daily,,"['festival-structural', 'no-standalone-crawler']",,,,74c2f211-ee11-453d-8386-ac2861705695,https://duluthfallfestival.org
736,dunwoody-art-festival,Dunwoody Art Festival,False,False,festival_structure_managed_no_crawler_required,Festival entry is managed by festival hierarchy; no standalone crawler is required.,keep_inactive_structural,festival,festival_schedule,daily,,"['festival-structural', 'no-standalone-crawler']",,,,74c2f211-ee11-453d-8386-ac2861705695,https://www.discoverdunwoody.com/events/annual-events/
741,dunwoody-july-4th,Dunwoody 4th of July Parade & Fireworks,False,False,festival_structure_managed_no_crawler_required,Festival entry is managed by festival hierarchy; no standalone crawler is required.,keep_inactive_structural,festival,festival_schedule,daily,,"['festival-structural', 'no-standalone-crawler']",,,,74c2f211-ee11-453d-8386-ac2861705695,https://www.dunwoodyga.gov
654,esfna-atlanta,ESFNA Ethiopian Sports & Cultural Festival,False,False,festival_structure_managed_no_crawler_required,Festival entry is managed by festival hierarchy; no standalone crawler is required.,keep_inactive_structural,festival,festival_schedule,daily,,"['festival-structural', 'no-standalone-crawler']",,,,74c2f211-ee11-453d-8386-ac2861705695,https://esfna.org/
761,essential-theatre-play-fest,Essential Theatre Play Festival,False,False,festival_structure_managed_no_crawler_required,Festival entry is managed by festival hierarchy; no standalone crawler is required.,keep_inactive_structural,festival,festival_schedule,twice_weekly,,"['festival-structural', 'no-standalone-crawler']",,,,74c2f211-ee11-453d-8386-ac2861705695,https://www.essentialtheatre.com
675,fernbank-after-dark,Fernbank After Dark,False,False,festival_structure_managed_no_crawler_required,Festival entry is managed by festival hierarchy; no standalone crawler is required.,keep_inactive_structural,festival,,daily,,[],,,,74c2f211-ee11-453d-8386-ac2861705695,https://fernbankmuseum.org
766,freely-fest,Freely Fest,False,False,festival_structure_managed_no_crawler_required,Festival entry is managed by festival hierarchy; no standalone crawler is required.,keep_inactive_structural,festival,festival_schedule,daily,,"['festival-structural', 'no-standalone-crawler']",,,,74c2f211-ee11-453d-8386-ac2861705695,https://freelyfest.com
595,frolicon,Frolicon,False,False,festival_structure_managed_no_crawler_required,Festival entry is managed by festival hierarchy; no standalone crawler is required.,keep_inactive_structural,festival,festival_schedule,daily,,"['festival-structural', 'no-standalone-crawler']",,,,74c2f211-ee11-453d-8386-ac2861705695,https://frolicon.com
682,furry-weekend-atlanta,Furry Weekend Atlanta,False,False,festival_structure_managed_no_crawler_required,Festival entry is managed by festival hierarchy; no standalone crawler is required.,keep_inactive_structural,festival,festival_schedule,daily,0,"['festival-structural', 'no-standalone-crawler']",,2026-02-16T05:23:30.470386+00:00,4,74c2f211-ee11-453d-8386-ac2861705695,https://furryweekend.com
643,ga-celebrates-quilts,Georgia Celebrates Quilts,False,False,festival_structure_managed_no_crawler_required,Festival entry is managed by festival hierarchy; no standalone crawler is required.,keep_inactive_structural,festival,festival_schedule,daily,,"['festival-structural', 'no-standalone-crawler']",,,,74c2f211-ee11-453d-8386-ac2861705695,https://www.georgiacelebratesquilts.com
604,ga-craft-brewers-fest,Georgia Craft Brewers Festival,False,False,festival_structure_managed_no_crawler_required,Festival entry is managed by festival hierarchy; no standalone crawler is required.,keep_inactive_structural,festival,festival_schedule,daily,,"['festival-structural', 'no-standalone-crawler']",,,,74c2f211-ee11-453d-8386-ac2861705695,https://www.georgiacraftbrewersguild.org
628,ga-food-wine-festival,Georgia Food & Wine Festival,False,False,festival_structure_managed_no_crawler_required,Festival entry is managed by festival hierarchy; no standalone crawler is required.,keep_inactive_structural,festival,festival_schedule,daily,,"['festival-structural', 'no-standalone-crawler']",,,,74c2f211-ee11-453d-8386-ac2861705695,https://www.georgiafoodandwinefestival.com
607,ga-gospel-music-fest,Georgia Gospel Music Festival,False,False,festival_structure_managed_no_crawler_required,Festival entry is managed by festival hierarchy; no standalone crawler is required.,keep_inactive_structural,festival,festival_schedule,daily,,"['festival-structural', 'no-standalone-crawler']",,,,74c2f211-ee11-453d-8386-ac2861705695,https://www.gagospelmusicfest.com
672,ga-mineral-society-show,Georgia Mineral Society Show,False,False,festival_structure_managed_no_crawler_required,Festival entry is managed by festival hierarchy; no standalone crawler is required.,keep_inactive_structural,festival,festival_schedule,daily,,"['festival-structural', 'no-standalone-crawler']",,,,74c2f211-ee11-453d-8386-ac2861705695,https://www.gamineral.org/showmain.html
774,ga-renaissance-festival,Georgia Renaissance Festival,False,False,festival_structure_managed_no_crawler_required,Festival entry is managed by festival hierarchy; no standalone crawler is required.,keep_inactive_structural,festival,festival_schedule,daily,0,"['festival-structural', 'no-standalone-crawler']",,2026-02-16T06:44:24.502172+00:00,4,74c2f211-ee11-453d-8386-ac2861705695,https://www.garenfest.com
589,galiff,Georgia Latino International Film Festival,False,False,festival_structure_managed_no_crawler_required,Festival entry is managed by festival hierarchy; no standalone crawler is required.,keep_inactive_structural,festival,festival_schedule,daily,,"['festival-structural', 'no-standalone-crawler']",,,,74c2f211-ee11-453d-8386-ac2861705695,https://galiff.org
621,garden-lights-holiday-nights,"Garden Lights, Holiday Nights",False,False,festival_structure_managed_no_crawler_required,Festival entry is managed by festival hierarchy; no standalone crawler is required.,keep_inactive_structural,festival,,weekly,,[],,,,74c2f211-ee11-453d-8386-ac2861705695,https://atlantabg.org
677,georgia-vegfest,Georgia VegFest,False,False,festival_structure_managed_no_crawler_required,Festival entry is managed by festival hierarchy; no standalone crawler is required.,keep_inactive_structural,festival,festival_schedule,daily,,"['festival-structural', 'no-standalone-crawler']",,,,74c2f211-ee11-453d-8386-ac2861705695,https://vegfestexpos.com
750,geranium-festival,Geranium Festival,False,False,festival_structure_managed_no_crawler_required,Festival entry is managed by festival hierarchy; no standalone crawler is required.,keep_inactive_structural,festival,festival_schedule,daily,,"['festival-structural', 'no-standalone-crawler']",,,,74c2f211-ee11-453d-8386-ac2861705695,https://geraniumfestival.com
742,grant-park-summer-shade-festival,Grant Park Summer Shade Festival,False,False,festival_structure_managed_no_crawler_required,Festival entry is managed by festival hierarchy; no standalone crawler is required.,keep_inactive_structural,festival,festival_schedule,weekly,,"['festival-structural', 'no-standalone-crawler']",,,,74c2f211-ee11-453d-8386-ac2861705695,https://summershadefestival.org
642,gwinnett-county-fair,Gwinnett County Fair,False,False,festival_structure_managed_no_crawler_required,Festival entry is managed by festival hierarchy; no standalone crawler is required.,keep_inactive_structural,festival,festival_schedule,daily,,"['festival-structural', 'no-standalone-crawler']",,,,74c2f211-ee11-453d-8386-ac2861705695,https://www.gwinnettcountyfair.com
653,hoi-cho-tet-atlanta,Hoi Cho Tet Atlanta,False,False,festival_structure_managed_no_crawler_required,Festival entry is managed by festival hierarchy; no standalone crawler is required.,keep_inactive_structural,festival,festival_schedule,daily,,"['festival-structural', 'no-standalone-crawler']",,,,74c2f211-ee11-453d-8386-ac2861705695,https://hoichotetatlanta.com
626,horizon-new-south-fest,Horizon Theatre New South Play Festival,False,False,festival_structure_managed_no_crawler_required,Festival entry is managed by festival hierarchy; no standalone crawler is required.,keep_inactive_structural,festival,,daily,,[],,,,74c2f211-ee11-453d-8386-ac2861705695,https://www.horizontheatre.com
697,illuminights-zoo,IllumiNights at the Zoo,False,False,festival_structure_managed_no_crawler_required,Festival entry is managed by festival hierarchy; no standalone crawler is required.,keep_inactive_structural,festival,,daily,,[],,,,74c2f211-ee11-453d-8386-ac2861705695,https://zooatlanta.org
679,imagine-music-festival,Imagine Music Festival,False,False,festival_structure_managed_no_crawler_required,Festival entry is managed by festival hierarchy; no standalone crawler is required.,keep_inactive_structural,festival,festival_schedule,daily,0,"['festival-structural', 'no-standalone-crawler']",,2026-02-16T05:23:28.403565+00:00,4,74c2f211-ee11-453d-8386-ac2861705695,https://imaginefestival.com
757,international-woodworking-fair,International Woodworking Fair,False,False,festival_structure_managed_no_crawler_required,Festival entry is managed by festival hierarchy; no standalone crawler is required.,keep_inactive_structural,festival,festival_schedule,daily,,"['festival-structural', 'no-standalone-crawler']",,,,74c2f211-ee11-453d-8386-ac2861705695,https://www.iwfatlanta.com
686,invest-fest,Invest Fest,False,False,festival_structure_managed_no_crawler_required,Festival entry is managed by festival hierarchy; no standalone crawler is required.,keep_inactive_structural,festival,festival_schedule,daily,,"['festival-structural', 'no-standalone-crawler']",,,,74c2f211-ee11-453d-8386-ac2861705695,https://www.investfest.com
609,irishfest-atlanta,IrishFest Atlanta,False,False,festival_structure_managed_no_crawler_required,Festival entry is managed by festival hierarchy; no standalone crawler is required.,keep_inactive_structural,festival,festival_schedule,daily,,"['festival-structural', 'no-standalone-crawler']",,,,74c2f211-ee11-453d-8386-ac2861705695,https://www.irishfestatlanta.org
613,japanfest-atlanta,JapanFest Atlanta,False,False,festival_structure_managed_no_crawler_required,Festival entry is managed by festival hierarchy; no standalone crawler is required.,keep_inactive_structural,festival,festival_schedule,daily,0,"['festival-structural', 'no-standalone-crawler']",,2026-02-16T05:23:17.111437+00:00,4,74c2f211-ee11-453d-8386-ac2861705695,https://www.japanfest.org
730,johns-creek-arts-fest,Johns Creek Arts Festival,False,False,festival_structure_managed_no_crawler_required,Festival entry is managed by festival hierarchy; no standalone crawler is required.,keep_inactive_structural,festival,festival_schedule,daily,,"['festival-structural', 'no-standalone-crawler']",,,,74c2f211-ee11-453d-8386-ac2861705695,https://johnscreekga.gov
584,johns-creek-diwali,Johns Creek Diwali Celebration,False,False,festival_structure_managed_no_crawler_required,Festival entry is managed by festival hierarchy; no standalone crawler is required.,keep_inactive_structural,festival,festival_schedule,daily,,"['festival-structural', 'no-standalone-crawler']",,,,74c2f211-ee11-453d-8386-ac2861705695,https://johnscreekga.gov
629,johns-creek-international-fest,Johns Creek International Festival,False,False,festival_structure_managed_no_crawler_required,Festival entry is managed by festival hierarchy; no standalone crawler is required.,keep_inactive_structural,festival,festival_schedule,daily,,"['festival-structural', 'no-standalone-crawler']",,,,74c2f211-ee11-453d-8386-ac2861705695,https://johnscreekga.gov/events/
644,johns-creek-lunar-new-year,Johns Creek Lunar New Year,False,False,festival_structure_managed_no_crawler_required,Festival entry is managed by festival hierarchy; no standalone crawler is required.,keep_inactive_structural,festival,festival_schedule,daily,,"['festival-structural', 'no-standalone-crawler']",,,,74c2f211-ee11-453d-8386-ac2861705695,https://johnscreekga.gov
667,jordancon,JordanCon,False,False,festival_structure_managed_no_crawler_required,Festival entry is managed by festival hierarchy; no standalone crawler is required.,keep_inactive_structural,festival,festival_schedule,daily,,"['festival-structural', 'no-standalone-crawler']",,,,74c2f211-ee11-453d-8386-ac2861705695,https://www.jordancon.org
602,l5p-halloween,Little 5 Points Halloween,False,False,festival_structure_managed_no_crawler_required,Festival entry is managed by festival hierarchy; no standalone crawler is required.,keep_inactive_structural,festival,festival_schedule,daily,,"['festival-structural', 'no-standalone-crawler']",,,,74c2f211-ee11-453d-8386-ac2861705695,https://l5phalloween.com
614,lake-lanier-lights,Magical Nights of Lights,False,False,festival_structure_managed_no_crawler_required,Festival entry is managed by festival hierarchy; no standalone crawler is required.,keep_inactive_structural,festival,festival_schedule,daily,,"['festival-structural', 'no-standalone-crawler']",,,,74c2f211-ee11-453d-8386-ac2861705695,https://www.lanierislands.com
577,lake-lanier-oktoberfest,Lake Lanier Oktoberfest,False,False,festival_structure_managed_no_crawler_required,Festival entry is managed by festival hierarchy; no standalone crawler is required.,keep_inactive_structural,festival,festival_schedule,daily,,"['festival-structural', 'no-standalone-crawler']",,,,74c2f211-ee11-453d-8386-ac2861705695,https://www.lanierislands.com
579,lanta-gras,Lanta Gras,False,False,festival_structure_managed_no_crawler_required,Festival entry is managed by festival hierarchy; no standalone crawler is required.,keep_inactive_structural,festival,festival_schedule,daily,,"['festival-structural', 'no-standalone-crawler']",,,,74c2f211-ee11-453d-8386-ac2861705695,https://lantagras.com
691,lawrenceville-boogie,Lawrenceville Boogie,False,False,festival_structure_managed_no_crawler_required,Festival entry is managed by festival hierarchy; no standalone crawler is required.,keep_inactive_structural,festival,festival_schedule,daily,,"['festival-structural', 'no-standalone-crawler']",,,,74c2f211-ee11-453d-8386-ac2861705695,https://downtownlawrencevillega.com
770,lemonade-days,Lemonade Days,False,False,festival_structure_managed_no_crawler_required,Festival entry is managed by festival hierarchy; no standalone crawler is required.,keep_inactive_structural,festival,festival_schedule,daily,,"['festival-structural', 'no-standalone-crawler']",,,,74c2f211-ee11-453d-8386-ac2861705695,https://www.dunwoodyga.gov
664,lilburn-daze,Lilburn Daze,False,False,festival_structure_managed_no_crawler_required,Festival entry is managed by festival hierarchy; no standalone crawler is required.,keep_inactive_structural,festival,festival_schedule,daily,,"['festival-structural', 'no-standalone-crawler']",,,,74c2f211-ee11-453d-8386-ac2861705695,https://www.lilburnbusinessassociation.com
700,love-yall-book-fest,LOVE Y'ALL Romance Book Festival,False,False,festival_structure_managed_no_crawler_required,Festival entry is managed by festival hierarchy; no standalone crawler is required.,keep_inactive_structural,festival,festival_schedule,daily,,"['festival-structural', 'no-standalone-crawler']",,,,74c2f211-ee11-453d-8386-ac2861705695,https://www.loveyallfest.com
689,milton-hometown-jubilee,Milton Hometown Jubilee,False,False,festival_structure_managed_no_crawler_required,Festival entry is managed by festival hierarchy; no standalone crawler is required.,keep_inactive_structural,festival,festival_schedule,daily,,"['festival-structural', 'no-standalone-crawler']",,,,74c2f211-ee11-453d-8386-ac2861705695,https://www.cityofmiltonga.us
693,mjcca-book-festival,Book Festival of the MJCCA,False,False,festival_structure_managed_no_crawler_required,Festival entry is managed by festival hierarchy; no standalone crawler is required.,keep_inactive_structural,festival,festival_schedule,daily,,"['festival-structural', 'no-standalone-crawler']",,,,74c2f211-ee11-453d-8386-ac2861705695,https://www.atlantajcc.org/our-programs/arts-authors/book-festival/
612,monsterama-con,Monsterama Con,False,False,festival_structure_managed_no_crawler_required,Festival entry is managed by festival hierarchy; no standalone crawler is required.,keep_inactive_structural,festival,festival_schedule,daily,,"['festival-structural', 'no-standalone-crawler']",,,,74c2f211-ee11-453d-8386-ac2861705695,https://monsteramacon.com
616,nascar-atlanta,NASCAR at Atlanta Motor Speedway,False,False,festival_structure_managed_no_crawler_required,Festival entry is managed by festival hierarchy; no standalone crawler is required.,keep_inactive_structural,festival,festival_schedule,daily,,"['festival-structural', 'no-standalone-crawler']",,,,74c2f211-ee11-453d-8386-ac2861705695,https://www.atlantamotorspeedway.com
634,national-book-club-conf,National Book Club Conference,False,False,festival_structure_managed_no_crawler_required,Festival entry is managed by festival hierarchy; no standalone crawler is required.,keep_inactive_structural,festival,festival_schedule,daily,,"['festival-structural', 'no-standalone-crawler']",,,,74c2f211-ee11-453d-8386-ac2861705695,https://nationalbookclubconference.com
756,norcross-art-splash,Norcross Art Splash,False,False,festival_structure_managed_no_crawler_required,Festival entry is managed by festival hierarchy; no standalone crawler is required.,keep_inactive_structural,festival,festival_schedule,daily,,"['festival-structural', 'no-standalone-crawler']",,,,74c2f211-ee11-453d-8386-ac2861705695,https://www.norcrossga.net/2061/Events
683,norcross-irish-fest,Norcross Irish Fest,False,False,festival_structure_managed_no_crawler_required,Festival entry is managed by festival hierarchy; no standalone crawler is required.,keep_inactive_structural,festival,festival_schedule,daily,,"['festival-structural', 'no-standalone-crawler']",,,,74c2f211-ee11-453d-8386-ac2861705695,https://www.norcrossga.net
727,original-sewing-quilt-expo,Original Sewing & Quilt Expo,False,False,festival_structure_managed_no_crawler_required,Festival entry is managed by festival hierarchy; no standalone crawler is required.,keep_inactive_structural,festival,festival_schedule,daily,,"['festival-structural', 'no-standalone-crawler']",,,,74c2f211-ee11-453d-8386-ac2861705695,https://www.sewingexpo.com/Events/Atlanta-GA
734,panda-fest-atlanta,Panda Fest Atlanta,False,False,festival_structure_managed_no_crawler_required,Festival entry is managed by festival hierarchy; no standalone crawler is required.,keep_inactive_structural,festival,festival_schedule,daily,,"['festival-structural', 'no-standalone-crawler']",,,,74c2f211-ee11-453d-8386-ac2861705695,https://pandafests.com
744,peachtree-city-dragon-boat,Peachtree City Dragon Boat Festival,False,False,festival_structure_managed_no_crawler_required,Festival entry is managed by festival hierarchy; no standalone crawler is required.,keep_inactive_structural,festival,festival_schedule,daily,,"['festival-structural', 'no-standalone-crawler']",,,,74c2f211-ee11-453d-8386-ac2861705695,https://psdba.org/dragon-boat-and-international-festival/
596,petit-le-mans,Motul Petit Le Mans,False,False,festival_structure_managed_no_crawler_required,Festival entry is managed by festival hierarchy; no standalone crawler is required.,keep_inactive_structural,festival,festival_schedule,daily,,"['festival-structural', 'no-standalone-crawler']",,,,74c2f211-ee11-453d-8386-ac2861705695,https://michelinracewayroadatlanta.com/motul-petit-le-mans
668,pigs-and-peaches-bbq,Pigs & Peaches BBQ Festival,False,False,festival_structure_managed_no_crawler_required,Festival entry is managed by festival hierarchy; no standalone crawler is required.,keep_inactive_structural,festival,festival_schedule,daily,,"['festival-structural', 'no-standalone-crawler']",,,,74c2f211-ee11-453d-8386-ac2861705695,https://www.kennesaw-ga.gov/pigsandpeaches/
760,pullman-yards-atlanta-art-fair,Atlanta Art Fair,False,False,festival_structure_managed_no_crawler_required,Festival entry is managed by festival hierarchy; no standalone crawler is required.,keep_inactive_structural,festival,festival_schedule,daily,,"['festival-structural', 'no-standalone-crawler']",,,,74c2f211-ee11-453d-8386-ac2861705695,https://www.pullmanyards.com/events
639,red-hat-summit,Red Hat Summit,False,False,festival_structure_managed_no_crawler_required,Festival entry is managed by festival hierarchy; no standalone crawler is required.,keep_inactive_structural,festival,festival_schedule,daily,,"['festival-structural', 'no-standalone-crawler']",,,,74c2f211-ee11-453d-8386-ac2861705695,https://www.redhat.com/summit
706,renderatl,RenderATL,False,False,festival_structure_managed_no_crawler_required,Festival entry is managed by festival hierarchy; no standalone crawler is required.,keep_inactive_structural,festival,festival_schedule,daily,,"['festival-structural', 'no-standalone-crawler']",,,,74c2f211-ee11-453d-8386-ac2861705695,https://www.renderatl.com
603,repticon-atlanta,Repticon Atlanta,False,False,festival_structure_managed_no_crawler_required,Festival entry is managed by festival hierarchy; no standalone crawler is required.,keep_inactive_structural,festival,festival_schedule,daily,,"['festival-structural', 'no-standalone-crawler']",,,,74c2f211-ee11-453d-8386-ac2861705695,https://repticon.com/georgia/atlanta/
755,rk-gun-show-atlanta,R.K. Atlanta Gun Show,False,False,festival_structure_managed_no_crawler_required,Festival entry is managed by festival hierarchy; no standalone crawler is required.,keep_inactive_structural,festival,festival_schedule,daily,,"['festival-structural', 'no-standalone-crawler']",,,,74c2f211-ee11-453d-8386-ac2861705695,https://rkshows.com
655,roswell-arts-festival,Roswell Arts Festival,False,False,festival_structure_managed_no_crawler_required,Festival entry is managed by festival hierarchy; no standalone crawler is required.,keep_inactive_structural,festival,festival_schedule,daily,,"['festival-structural', 'no-standalone-crawler']",,,,74c2f211-ee11-453d-8386-ac2861705695,https://www.roswellartsfestival.com
719,roswell-roots-festival,Roswell Roots Festival,False,False,festival_structure_managed_no_crawler_required,Festival entry is managed by festival hierarchy; no standalone crawler is required.,keep_inactive_structural,festival,festival_schedule,daily,,"['festival-structural', 'no-standalone-crawler']",,,,74c2f211-ee11-453d-8386-ac2861705695,https://roswellroots.com
752,scad-fashwknd,SCAD FASHWKND,False,False,festival_structure_managed_no_crawler_required,Festival entry is managed by festival hierarchy; no standalone crawler is required.,keep_inactive_structural,festival,festival_schedule,daily,,"['festival-structural', 'no-standalone-crawler']",,,,74c2f211-ee11-453d-8386-ac2861705695,https://www.scad.edu
748,sec-championship-game,SEC Championship Game,False,False,festival_structure_managed_no_crawler_required,Festival entry is managed by festival hierarchy; no standalone crawler is required.,keep_inactive_structural,festival,,daily,,[],,,,74c2f211-ee11-453d-8386-ac2861705695,https://www.secsports.com
636,shamrock-fest-atlanta,ShamRock Fest,False,False,festival_structure_managed_no_crawler_required,Festival entry is managed by festival hierarchy; no standalone crawler is required.,keep_inactive_structural,festival,festival_schedule,daily,,"['festival-structural', 'no-standalone-crawler']",,,,74c2f211-ee11-453d-8386-ac2861705695,https://shamrockfest.com
740,smoke-on-the-lake,Smoke on the Lake BBQ Festival,False,False,festival_structure_managed_no_crawler_required,Festival entry is managed by festival hierarchy; no standalone crawler is required.,keep_inactive_structural,festival,festival_schedule,daily,,"['festival-structural', 'no-standalone-crawler']",,,,74c2f211-ee11-453d-8386-ac2861705695,https://www.smokeonthelake.org
743,smyrna-jonquil-festival,Smyrna Spring Jonquil Festival,False,False,festival_structure_managed_no_crawler_required,Festival entry is managed by festival hierarchy; no standalone crawler is required.,keep_inactive_structural,festival,festival_schedule,daily,,"['festival-structural', 'no-standalone-crawler']",,,,74c2f211-ee11-453d-8386-ac2861705695,https://www.smyrnacity.com
696,smyrna-oysterfest,Smyrna Oysterfest,False,False,festival_structure_managed_no_crawler_required,Festival entry is managed by festival hierarchy; no standalone crawler is required.,keep_inactive_structural,festival,,daily,,[],,,,74c2f211-ee11-453d-8386-ac2861705695,https://atkinspark.com
630,snellville-days,Snellville Days,False,False,festival_structure_managed_no_crawler_required,Festival entry is managed by festival hierarchy; no standalone crawler is required.,keep_inactive_structural,festival,festival_schedule,daily,,"['festival-structural', 'no-standalone-crawler']",,,,74c2f211-ee11-453d-8386-ac2861705695,https://www.snellville.org
759,snellville-days-festival,Snellville Days Festival,False,False,festival_structure_managed_no_crawler_required,Festival entry is managed by festival hierarchy; no standalone crawler is required.,keep_inactive_structural,festival,festival_schedule,daily,,"['festival-structural', 'no-standalone-crawler']",,,,74c2f211-ee11-453d-8386-ac2861705695,https://www.snellville.org/snellville-days-festival
698,southeast-reptile-expo,Southeast Reptile Expo,False,False,festival_structure_managed_no_crawler_required,Festival entry is managed by festival hierarchy; no standalone crawler is required.,keep_inactive_structural,festival,festival_schedule,daily,,"['festival-structural', 'no-standalone-crawler']",,,,74c2f211-ee11-453d-8386-ac2861705695,https://www.southeastreptileexpo.com
702,southeastern-stamp-expo,Southeastern Stamp Expo,False,False,festival_structure_managed_no_crawler_required,Festival entry is managed by festival hierarchy; no standalone crawler is required.,keep_inactive_structural,festival,festival_schedule,daily,,"['festival-structural', 'no-standalone-crawler']",,,,74c2f211-ee11-453d-8386-ac2861705695,http://www.sefsc.org
684,southern-fried-gaming-expo,Southern-Fried Gaming Expo,False,False,festival_structure_managed_no_crawler_required,Festival entry is managed by festival hierarchy; no standalone crawler is required.,keep_inactive_structural,festival,festival_schedule,daily,0,"['festival-structural', 'no-standalone-crawler']",,2026-02-16T05:23:47.216033+00:00,4,74c2f211-ee11-453d-8386-ac2861705695,https://gameatl.com
618,spartan-race-atlanta,Spartan Race Atlanta,False,False,festival_structure_managed_no_crawler_required,Festival entry is managed by festival hierarchy; no standalone crawler is required.,keep_inactive_structural,festival,festival_schedule,daily,,"['festival-structural', 'no-standalone-crawler']",,,,74c2f211-ee11-453d-8386-ac2861705695,https://www.spartan.com
615,stone-mountain-christmas,Stone Mountain Christmas,False,False,festival_structure_managed_no_crawler_required,Festival entry is managed by festival hierarchy; no standalone crawler is required.,keep_inactive_structural,festival,festival_schedule,daily,,"['festival-structural', 'no-standalone-crawler']",,,,74c2f211-ee11-453d-8386-ac2861705695,https://stonemountainpark.com/activity/events/stone-mountain-christmas/
620,stone-mountain-dino-fest,Dino Fest at Stone Mountain,False,False,festival_structure_managed_no_crawler_required,Festival entry is managed by festival hierarchy; no standalone crawler is required.,keep_inactive_structural,festival,festival_schedule,daily,,"['festival-structural', 'no-standalone-crawler']",,,,74c2f211-ee11-453d-8386-ac2861705695,https://stonemountainpark.com/activity/events/dino-fest/
775,stone-mountain-fantastic-fourth,Fantastic Fourth Celebration,False,False,festival_structure_managed_no_crawler_required,Festival entry is managed by festival hierarchy; no standalone crawler is required.,keep_inactive_structural,festival,festival_schedule,daily,,"['festival-structural', 'no-standalone-crawler']",,,,74c2f211-ee11-453d-8386-ac2861705695,https://stonemountainpark.com/activity/events/fantastic-fourth-celebration/
714,stone-mountain-highland-games,Stone Mountain Highland Games,False,False,festival_structure_managed_no_crawler_required,Festival entry is managed by festival hierarchy; no standalone crawler is required.,keep_inactive_structural,festival,festival_schedule,daily,0,"['festival-structural', 'no-standalone-crawler']",,2026-02-16T05:11:52.714463+00:00,4,74c2f211-ee11-453d-8386-ac2861705695,https://www.smhg.org
685,stone-mountain-latino-fest,Stone Mountain Latino Family Festival,False,False,festival_structure_managed_no_crawler_required,Festival entry is managed by festival hierarchy; no standalone crawler is required.,keep_inactive_structural,festival,festival_schedule,daily,,"['festival-structural', 'no-standalone-crawler']",,,,74c2f211-ee11-453d-8386-ac2861705695,https://stonemountainpark.com
762,stone-mountain-lunar-new-year,Stone Mountain Lunar New Year Festival,False,False,festival_structure_managed_no_crawler_required,Festival entry is managed by festival hierarchy; no standalone crawler is required.,keep_inactive_structural,festival,festival_schedule,daily,,"['festival-structural', 'no-standalone-crawler']",,,,74c2f211-ee11-453d-8386-ac2861705695,https://stonemountainpark.com/activity/events/lunar-new-year/
635,suwanee-arts-festival,Suwanee Arts Festival,False,False,festival_structure_managed_no_crawler_required,Festival entry is managed by festival hierarchy; no standalone crawler is required.,keep_inactive_structural,festival,festival_schedule,daily,,"['festival-structural', 'no-standalone-crawler']",,,,74c2f211-ee11-453d-8386-ac2861705695,https://www.suwaneeartscenter.org/suwaneeartsfest
749,suwanee-beer-fest,Suwanee Beer Fest,False,False,festival_structure_managed_no_crawler_required,Festival entry is managed by festival hierarchy; no standalone crawler is required.,keep_inactive_structural,festival,festival_schedule,daily,,"['festival-structural', 'no-standalone-crawler']",,,,74c2f211-ee11-453d-8386-ac2861705695,https://suwaneebeerfest.com
581,sweet-auburn-fest,Sweet Auburn Springfest,False,False,festival_structure_managed_no_crawler_required,Festival entry is managed by festival hierarchy; no standalone crawler is required.,keep_inactive_structural,festival,festival_schedule,daily,,"['festival-structural', 'no-standalone-crawler']",,,,74c2f211-ee11-453d-8386-ac2861705695,https://sweetauburn.com
582,taste-of-alpharetta,Taste of Alpharetta,False,False,festival_structure_managed_no_crawler_required,Festival entry is managed by festival hierarchy; no standalone crawler is required.,keep_inactive_structural,festival,festival_schedule,daily,,"['festival-structural', 'no-standalone-crawler']",,,,74c2f211-ee11-453d-8386-ac2861705695,https://tasteofalpharettaga.com
707,taste-of-atlanta-fest,Taste of Atlanta,False,False,festival_structure_managed_no_crawler_required,Festival entry is managed by festival hierarchy; no standalone crawler is required.,keep_inactive_structural,festival,festival_schedule,daily,,"['festival-structural', 'no-standalone-crawler']",,,,74c2f211-ee11-453d-8386-ac2861705695,https://tasteofatlanta.com
661,taste-of-marietta,Taste of Marietta,False,False,festival_structure_managed_no_crawler_required,Festival entry is managed by festival hierarchy; no standalone crawler is required.,keep_inactive_structural,festival,festival_schedule,daily,,"['festival-structural', 'no-standalone-crawler']",,,,74c2f211-ee11-453d-8386-ac2861705695,https://www.marietta.com/calendar-of-events
765,taste-of-tucker,Taste of Tucker,False,False,festival_structure_managed_no_crawler_required,Festival entry is managed by festival hierarchy; no standalone crawler is required.,keep_inactive_structural,festival,festival_schedule,daily,,"['festival-structural', 'no-standalone-crawler']",,,,74c2f211-ee11-453d-8386-ac2861705695,https://downtowntucker.com
606,thanksgiving-half-marathon,Atlanta Thanksgiving Day Half Marathon,False,False,festival_structure_managed_no_crawler_required,Festival entry is managed by festival hierarchy; no standalone crawler is required.,keep_inactive_structural,festival,festival_schedule,daily,,"['festival-structural', 'no-standalone-crawler']",,,,74c2f211-ee11-453d-8386-ac2861705695,https://www.atlantatrackclub.org
673,tour-championship-pga,TOUR Championship,False,False,festival_structure_managed_no_crawler_required,Festival entry is managed by festival hierarchy; no standalone crawler is required.,keep_inactive_structural,festival,festival_schedule,daily,,"['festival-structural', 'no-standalone-crawler']",,,,74c2f211-ee11-453d-8386-ac2861705695,https://www.tourchampionship.com
715,toylanta,Toylanta,False,False,festival_structure_managed_no_crawler_required,Festival entry is managed by festival hierarchy; no standalone crawler is required.,keep_inactive_structural,festival,festival_schedule,daily,,"['festival-structural', 'no-standalone-crawler']",,,,74c2f211-ee11-453d-8386-ac2861705695,https://www.toylanta.net
764,tucker-day,Tucker Day,False,False,festival_structure_managed_no_crawler_required,Festival entry is managed by festival hierarchy; no standalone crawler is required.,keep_inactive_structural,festival,festival_schedule,daily,,"['festival-structural', 'no-standalone-crawler']",,,,74c2f211-ee11-453d-8386-ac2861705695,https://downtowntucker.com
681,virginia-highland-summerfest,Virginia-Highland Summerfest,False,False,festival_structure_managed_no_crawler_required,Festival entry is managed by festival hierarchy; no standalone crawler is required.,keep_inactive_structural,festival,festival_schedule,daily,,"['festival-structural', 'no-standalone-crawler']",,,,74c2f211-ee11-453d-8386-ac2861705695,https://vahi.org/summerfest/
751,wire-wood-alpharetta,Wire & Wood Alpharetta Music Festival,False,False,festival_structure_managed_no_crawler_required,Festival entry is managed by festival hierarchy; no standalone crawler is required.,keep_inactive_structural,festival,festival_schedule,daily,,"['festival-structural', 'needs_js', 'no-standalone-crawler']",,,,74c2f211-ee11-453d-8386-ac2861705695,https://wireandwood.com
723,woodstock-summer-concert-series,Woodstock Summer Concert Series,False,False,festival_structure_managed_no_crawler_required,Festival entry is managed by festival hierarchy; no standalone crawler is required.,keep_inactive_structural,festival,,daily,,[],,,,74c2f211-ee11-453d-8386-ac2861705695,https://www.woodstockga.gov
590,yellow-daisy-festival,Yellow Daisy Festival,False,False,festival_structure_managed_no_crawler_required,Festival entry is managed by festival hierarchy; no standalone crawler is required.,keep_inactive_structural,festival,festival_schedule,daily,,"['festival-structural', 'no-standalone-crawler']",,,,74c2f211-ee11-453d-8386-ac2861705695,https://stonemountainpark.com/activity/events/yellow-daisy-festival/
319,generic-venue-crawler,Generic Venue Crawler,False,False,internal_noncrawler_source,Internal/manual/social source should remain non-crawler.,keep_inactive_internal,website,html,weekly,,[],,2026-02-07T06:22:42.185038+00:00,13,74c2f211-ee11-453d-8386-ac2861705695,https://lostcity.ai
1046,instagram-captions,Instagram Captions,False,False,internal_noncrawler_source,Internal/manual/social source should remain non-crawler.,keep_inactive_internal,social_media,playwright,daily,0,[],,2026-02-16T05:57:01.421624+00:00,4,74c2f211-ee11-453d-8386-ac2861705695,https://instagram.com
783,manual-holiday-events,Manual Holiday Events,False,False,internal_noncrawler_source,Internal/manual/social source should remain non-crawler.,keep_inactive_internal,manual,,daily,,[],,,,74c2f211-ee11-453d-8386-ac2861705695,https://discoveratlanta.com
305,user-submissions,User Submissions,False,False,internal_noncrawler_source,Internal/manual/social source should remain non-crawler.,keep_inactive_internal,user,html,daily,,[],,2026-02-04T17:40:55.758595+00:00,16,74c2f211-ee11-453d-8386-ac2861705695,https://lostcity.io/submit
666,newnan-porchfest,Explore Newnan Coweta,False,False,no_crawler_module_other,No crawler module is registered for this source slug.,triage_build_or_archive,organization,,daily,,[],,,,74c2f211-ee11-453d-8386-ac2861705695,https://explorenewnancoweta.com/things-to-do/events/
